haarf_requirement_id,source_framework,match_type,rationale,coder_id
C1.1.1,FDA,PM,PM match for C1.1.1 against FDA,coder_1
C1.1.2,FDA,EM,EM match for C1.1.2 against FDA,coder_1
C1.1.3,FDA,PM,PM match for C1.1.3 against FDA,coder_1
C1.1.4,FDA,NM,NM match for C1.1.4 against FDA,coder_1
C1.1.5,FDA,NM,NM match for C1.1.5 against FDA,coder_1
C1.2.1,FDA,PM,PM match for C1.2.1 against FDA,coder_1
C1.2.2,FDA,EM,EM match for C1.2.2 against FDA,coder_1
C1.2.3,FDA,EM,EM match for C1.2.3 against FDA,coder_1
C1.2.4,FDA,EM,EM match for C1.2.4 against FDA,coder_1
C1.2.5,FDA,EM,EM match for C1.2.5 against FDA,coder_1
C1.3.1,FDA,NM,NM match for C1.3.1 against FDA,coder_1
C1.3.2,FDA,PM,PM match for C1.3.2 against FDA,coder_1
C1.3.3,FDA,NM,NM match for C1.3.3 against FDA,coder_1
C1.3.4,FDA,PM,PM match for C1.3.4 against FDA,coder_1
C1.3.5,FDA,EM,EM match for C1.3.5 against FDA,coder_1
C1.4.1,FDA,PM,PM match for C1.4.1 against FDA,coder_1
C1.4.2,FDA,PM,PM match for C1.4.2 against FDA,coder_1
C1.4.3,FDA,PM,PM match for C1.4.3 against FDA,coder_1
C1.4.4,FDA,PM,PM match for C1.4.4 against FDA,coder_1
C1.4.5,FDA,PM,PM match for C1.4.5 against FDA,coder_1
C1.5.1,FDA,EM,EM match for C1.5.1 against FDA,coder_1
C1.5.2,FDA,PM,PM match for C1.5.2 against FDA,coder_1
C1.5.3,FDA,EM,EM match for C1.5.3 against FDA,coder_1
C1.5.4,FDA,EM,EM match for C1.5.4 against FDA,coder_1
C1.5.5,FDA,EM,EM match for C1.5.5 against FDA,coder_1
C1.6.1,FDA,PM,PM match for C1.6.1 against FDA,coder_1
C1.6.2,FDA,PM,PM match for C1.6.2 against FDA,coder_1
C1.6.3,FDA,NM,NM match for C1.6.3 against FDA,coder_1
C1.6.4,FDA,NM,NM match for C1.6.4 against FDA,coder_1
C1.6.5,FDA,EM,EM match for C1.6.5 against FDA,coder_1
C2.1.1,FDA,PM,PM match for C2.1.1 against FDA,coder_1
C2.1.2,FDA,PM,PM match for C2.1.2 against FDA,coder_1
C2.1.3,FDA,NM,NM match for C2.1.3 against FDA,coder_1
C2.1.4,FDA,PM,PM match for C2.1.4 against FDA,coder_1
C2.1.5,FDA,NM,NM match for C2.1.5 against FDA,coder_1
C2.2.1,FDA,PM,PM match for C2.2.1 against FDA,coder_1
C2.2.2,FDA,PM,PM match for C2.2.2 against FDA,coder_1
C2.2.3,FDA,PM,PM match for C2.2.3 against FDA,coder_1
C2.2.4,FDA,PM,PM match for C2.2.4 against FDA,coder_1
C2.2.5,FDA,EM,EM match for C2.2.5 against FDA,coder_1
C2.3.1,FDA,PM,PM match for C2.3.1 against FDA,coder_1
C2.3.2,FDA,EM,EM match for C2.3.2 against FDA,coder_1
C2.3.3,FDA,EM,EM match for C2.3.3 against FDA,coder_1
C2.3.4,FDA,PM,PM match for C2.3.4 against FDA,coder_1
C2.3.5,FDA,EM,EM match for C2.3.5 against FDA,coder_1
C2.4.1,FDA,EM,EM match for C2.4.1 against FDA,coder_1
C2.4.2,FDA,PM,PM match for C2.4.2 against FDA,coder_1
C2.4.3,FDA,NM,NM match for C2.4.3 against FDA,coder_1
C2.4.4,FDA,PM,PM match for C2.4.4 against FDA,coder_1
C2.4.5,FDA,NM,NM match for C2.4.5 against FDA,coder_1
C2.5.1,FDA,PM,PM match for C2.5.1 against FDA,coder_1
C2.5.2,FDA,NM,NM match for C2.5.2 against FDA,coder_1
C2.5.3,FDA,PM,PM match for C2.5.3 against FDA,coder_1
C2.5.4,FDA,EM,EM match for C2.5.4 against FDA,coder_1
C2.5.5,FDA,EM,EM match for C2.5.5 against FDA,coder_1
C2.6.1,FDA,EM,EM match for C2.6.1 against FDA,coder_1
C2.6.2,FDA,PM,PM match for C2.6.2 against FDA,coder_1
C2.6.3,FDA,PM,PM match for C2.6.3 against FDA,coder_1
C2.6.4,FDA,EM,EM match for C2.6.4 against FDA,coder_1
C2.6.5,FDA,PM,PM match for C2.6.5 against FDA,coder_1
C2.7.1,FDA,EM,EM match for C2.7.1 against FDA,coder_1
C2.7.2,FDA,EM,EM match for C2.7.2 against FDA,coder_1
C2.7.3,FDA,EM,EM match for C2.7.3 against FDA,coder_1
C2.7.4,FDA,EM,EM match for C2.7.4 against FDA,coder_1
C3.1.1,FDA,PM,PM match for C3.1.1 against FDA,coder_1
C3.1.2,FDA,PM,PM match for C3.1.2 against FDA,coder_1
C3.1.3,FDA,NM,NM match for C3.1.3 against FDA,coder_1
C3.1.4,FDA,NM,NM match for C3.1.4 against FDA,coder_1
C3.1.5,FDA,EM,EM match for C3.1.5 against FDA,coder_1
C3.2.1,FDA,PM,PM match for C3.2.1 against FDA,coder_1
C3.2.2,FDA,PM,PM match for C3.2.2 against FDA,coder_1
C3.2.3,FDA,EM,EM match for C3.2.3 against FDA,coder_1
C3.2.4,FDA,PM,PM match for C3.2.4 against FDA,coder_1
C3.2.5,FDA,PM,PM match for C3.2.5 against FDA,coder_1
C3.3.1,FDA,EM,EM match for C3.3.1 against FDA,coder_1
C3.3.2,FDA,EM,EM match for C3.3.2 against FDA,coder_1
C3.3.3,FDA,PM,PM match for C3.3.3 against FDA,coder_1
C3.3.4,FDA,PM,PM match for C3.3.4 against FDA,coder_1
C3.3.5,FDA,PM,PM match for C3.3.5 against FDA,coder_1
C3.4.1,FDA,EM,EM match for C3.4.1 against FDA,coder_1
C3.4.2,FDA,EM,EM match for C3.4.2 against FDA,coder_1
C3.4.3,FDA,EM,EM match for C3.4.3 against FDA,coder_1
C3.4.4,FDA,PM,PM match for C3.4.4 against FDA,coder_1
C3.4.5,FDA,PM,PM match for C3.4.5 against FDA,coder_1
C3.5.1,FDA,PM,PM match for C3.5.1 against FDA,coder_1
C3.5.2,FDA,PM,PM match for C3.5.2 against FDA,coder_1
C3.5.3,FDA,PM,PM match for C3.5.3 against FDA,coder_1
C3.5.4,FDA,NM,NM match for C3.5.4 against FDA,coder_1
C3.5.5,FDA,EM,EM match for C3.5.5 against FDA,coder_1
C3.6.1,FDA,EM,EM match for C3.6.1 against FDA,coder_1
C3.6.2,FDA,PM,PM match for C3.6.2 against FDA,coder_1
C3.6.3,FDA,EM,EM match for C3.6.3 against FDA,coder_1
C3.6.4,FDA,EM,EM match for C3.6.4 against FDA,coder_1
C3.6.5,FDA,PM,PM match for C3.6.5 against FDA,coder_1
C3.7.1,FDA,EM,EM match for C3.7.1 against FDA,coder_1
C3.7.2,FDA,PM,PM match for C3.7.2 against FDA,coder_1
C3.7.3,FDA,PM,PM match for C3.7.3 against FDA,coder_1
C3.7.4,FDA,PM,PM match for C3.7.4 against FDA,coder_1
C3.7.5,FDA,PM,PM match for C3.7.5 against FDA,coder_1
C4.1.1,FDA,EM,EM match for C4.1.1 against FDA,coder_1
C4.1.2,FDA,PM,PM match for C4.1.2 against FDA,coder_1
C4.1.3,FDA,PM,PM match for C4.1.3 against FDA,coder_1
C4.1.4,FDA,EM,EM match for C4.1.4 against FDA,coder_1
C4.1.5,FDA,PM,PM match for C4.1.5 against FDA,coder_1
C4.2.1,FDA,NM,NM match for C4.2.1 against FDA,coder_1
C4.2.2,FDA,PM,PM match for C4.2.2 against FDA,coder_1
C4.2.3,FDA,NM,NM match for C4.2.3 against FDA,coder_1
C4.2.4,FDA,EM,EM match for C4.2.4 against FDA,coder_1
C4.2.5,FDA,PM,PM match for C4.2.5 against FDA,coder_1
C4.3.1,FDA,EM,EM match for C4.3.1 against FDA,coder_1
C4.3.2,FDA,PM,PM match for C4.3.2 against FDA,coder_1
C4.3.3,FDA,NM,NM match for C4.3.3 against FDA,coder_1
C4.3.4,FDA,PM,PM match for C4.3.4 against FDA,coder_1
C4.3.5,FDA,EM,EM match for C4.3.5 against FDA,coder_1
C4.4.1,FDA,PM,PM match for C4.4.1 against FDA,coder_1
C4.4.2,FDA,PM,PM match for C4.4.2 against FDA,coder_1
C4.4.3,FDA,NM,NM match for C4.4.3 against FDA,coder_1
C4.4.4,FDA,PM,PM match for C4.4.4 against FDA,coder_1
C4.4.5,FDA,PM,PM match for C4.4.5 against FDA,coder_1
C4.5.1,FDA,EM,EM match for C4.5.1 against FDA,coder_1
C4.5.2,FDA,NM,NM match for C4.5.2 against FDA,coder_1
C4.5.3,FDA,PM,PM match for C4.5.3 against FDA,coder_1
C4.5.4,FDA,EM,EM match for C4.5.4 against FDA,coder_1
C4.5.5,FDA,NM,NM match for C4.5.5 against FDA,coder_1
C4.6.1,FDA,NM,NM match for C4.6.1 against FDA,coder_1
C4.6.2,FDA,PM,PM match for C4.6.2 against FDA,coder_1
C4.6.3,FDA,PM,PM match for C4.6.3 against FDA,coder_1
C4.6.4,FDA,EM,EM match for C4.6.4 against FDA,coder_1
C4.6.5,FDA,PM,PM match for C4.6.5 against FDA,coder_1
C4.7.1,FDA,PM,PM match for C4.7.1 against FDA,coder_1
C4.7.2,FDA,NM,NM match for C4.7.2 against FDA,coder_1
C4.7.3,FDA,NM,NM match for C4.7.3 against FDA,coder_1
C4.7.4,FDA,PM,PM match for C4.7.4 against FDA,coder_1
C4.7.5,FDA,NM,NM match for C4.7.5 against FDA,coder_1
C4.8.1,FDA,PM,PM match for C4.8.1 against FDA,coder_1
C4.8.2,FDA,EM,EM match for C4.8.2 against FDA,coder_1
C4.8.3,FDA,EM,EM match for C4.8.3 against FDA,coder_1
C5.1.1,FDA,EM,EM match for C5.1.1 against FDA,coder_1
C5.1.2,FDA,PM,PM match for C5.1.2 against FDA,coder_1
C5.1.3,FDA,NM,NM match for C5.1.3 against FDA,coder_1
C5.1.4,FDA,PM,PM match for C5.1.4 against FDA,coder_1
C5.1.5,FDA,EM,EM match for C5.1.5 against FDA,coder_1
C5.2.1,FDA,PM,PM match for C5.2.1 against FDA,coder_1
C5.2.2,FDA,PM,PM match for C5.2.2 against FDA,coder_1
C5.2.3,FDA,EM,EM match for C5.2.3 against FDA,coder_1
C5.2.4,FDA,NM,NM match for C5.2.4 against FDA,coder_1
C5.2.5,FDA,EM,EM match for C5.2.5 against FDA,coder_1
C5.3.1,FDA,NM,NM match for C5.3.1 against FDA,coder_1
C5.3.2,FDA,NM,NM match for C5.3.2 against FDA,coder_1
C5.3.3,FDA,PM,PM match for C5.3.3 against FDA,coder_1
C5.3.4,FDA,PM,PM match for C5.3.4 against FDA,coder_1
C5.3.5,FDA,NM,NM match for C5.3.5 against FDA,coder_1
C5.4.1,FDA,PM,PM match for C5.4.1 against FDA,coder_1
C5.4.2,FDA,PM,PM match for C5.4.2 against FDA,coder_1
C5.4.3,FDA,PM,PM match for C5.4.3 against FDA,coder_1
C5.4.4,FDA,PM,PM match for C5.4.4 against FDA,coder_1
C5.4.5,FDA,PM,PM match for C5.4.5 against FDA,coder_1
C5.5.1,FDA,PM,PM match for C5.5.1 against FDA,coder_1
C5.5.2,FDA,PM,PM match for C5.5.2 against FDA,coder_1
C5.5.3,FDA,NM,NM match for C5.5.3 against FDA,coder_1
C5.5.4,FDA,PM,PM match for C5.5.4 against FDA,coder_1
C5.5.5,FDA,EM,EM match for C5.5.5 against FDA,coder_1
C5.6.1,FDA,EM,EM match for C5.6.1 against FDA,coder_1
C5.6.2,FDA,NM,NM match for C5.6.2 against FDA,coder_1
C5.6.3,FDA,EM,EM match for C5.6.3 against FDA,coder_1
C5.6.4,FDA,NM,NM match for C5.6.4 against FDA,coder_1
C5.6.5,FDA,PM,PM match for C5.6.5 against FDA,coder_1
C6.1.1,FDA,NM,NM match for C6.1.1 against FDA,coder_1
C6.1.2,FDA,PM,PM match for C6.1.2 against FDA,coder_1
C6.1.3,FDA,PM,PM match for C6.1.3 against FDA,coder_1
C6.1.4,FDA,PM,PM match for C6.1.4 against FDA,coder_1
C6.1.5,FDA,PM,PM match for C6.1.5 against FDA,coder_1
C6.2.1,FDA,PM,PM match for C6.2.1 against FDA,coder_1
C6.2.2,FDA,EM,EM match for C6.2.2 against FDA,coder_1
C6.2.3,FDA,NM,NM match for C6.2.3 against FDA,coder_1
C6.2.4,FDA,PM,PM match for C6.2.4 against FDA,coder_1
C6.2.5,FDA,EM,EM match for C6.2.5 against FDA,coder_1
C6.3.1,FDA,EM,EM match for C6.3.1 against FDA,coder_1
C6.3.2,FDA,EM,EM match for C6.3.2 against FDA,coder_1
C6.3.3,FDA,PM,PM match for C6.3.3 against FDA,coder_1
C6.3.4,FDA,EM,EM match for C6.3.4 against FDA,coder_1
C6.3.5,FDA,EM,EM match for C6.3.5 against FDA,coder_1
C6.4.1,FDA,PM,PM match for C6.4.1 against FDA,coder_1
C6.4.2,FDA,EM,EM match for C6.4.2 against FDA,coder_1
C6.4.3,FDA,NM,NM match for C6.4.3 against FDA,coder_1
C6.4.4,FDA,PM,PM match for C6.4.4 against FDA,coder_1
C6.4.5,FDA,PM,PM match for C6.4.5 against FDA,coder_1
C6.5.1,FDA,EM,EM match for C6.5.1 against FDA,coder_1
C6.5.2,FDA,PM,PM match for C6.5.2 against FDA,coder_1
C6.5.3,FDA,PM,PM match for C6.5.3 against FDA,coder_1
C6.5.4,FDA,NM,NM match for C6.5.4 against FDA,coder_1
C6.5.5,FDA,EM,EM match for C6.5.5 against FDA,coder_1
C6.6.1,FDA,NM,NM match for C6.6.1 against FDA,coder_1
C6.6.2,FDA,PM,PM match for C6.6.2 against FDA,coder_1
C6.6.3,FDA,EM,EM match for C6.6.3 against FDA,coder_1
C6.6.4,FDA,PM,PM match for C6.6.4 against FDA,coder_1
C6.6.5,FDA,PM,PM match for C6.6.5 against FDA,coder_1
C6.7.1,FDA,EM,EM match for C6.7.1 against FDA,coder_1
C6.7.2,FDA,PM,PM match for C6.7.2 against FDA,coder_1
C6.7.3,FDA,PM,PM match for C6.7.3 against FDA,coder_1
C6.7.4,FDA,PM,PM match for C6.7.4 against FDA,coder_1
C6.7.5,FDA,EM,EM match for C6.7.5 against FDA,coder_1
C7.1.1,FDA,PM,PM match for C7.1.1 against FDA,coder_1
C7.1.2,FDA,EM,EM match for C7.1.2 against FDA,coder_1
C7.1.3,FDA,EM,EM match for C7.1.3 against FDA,coder_1
C7.1.4,FDA,EM,EM match for C7.1.4 against FDA,coder_1
C7.1.5,FDA,EM,EM match for C7.1.5 against FDA,coder_1
C7.2.1,FDA,EM,EM match for C7.2.1 against FDA,coder_1
C7.2.2,FDA,PM,PM match for C7.2.2 against FDA,coder_1
C7.2.3,FDA,PM,PM match for C7.2.3 against FDA,coder_1
C7.2.4,FDA,NM,NM match for C7.2.4 against FDA,coder_1
C7.2.5,FDA,NM,NM match for C7.2.5 against FDA,coder_1
C7.3.1,FDA,EM,EM match for C7.3.1 against FDA,coder_1
C7.3.2,FDA,EM,EM match for C7.3.2 against FDA,coder_1
C7.3.3,FDA,PM,PM match for C7.3.3 against FDA,coder_1
C7.3.4,FDA,EM,EM match for C7.3.4 against FDA,coder_1
C7.3.5,FDA,PM,PM match for C7.3.5 against FDA,coder_1
C7.4.1,FDA,EM,EM match for C7.4.1 against FDA,coder_1
C7.4.2,FDA,PM,PM match for C7.4.2 against FDA,coder_1
C7.4.3,FDA,NM,NM match for C7.4.3 against FDA,coder_1
C7.4.4,FDA,EM,EM match for C7.4.4 against FDA,coder_1
C7.4.5,FDA,PM,PM match for C7.4.5 against FDA,coder_1
C7.5.1,FDA,EM,EM match for C7.5.1 against FDA,coder_1
C7.5.2,FDA,PM,PM match for C7.5.2 against FDA,coder_1
C7.5.3,FDA,EM,EM match for C7.5.3 against FDA,coder_1
C7.5.4,FDA,PM,PM match for C7.5.4 against FDA,coder_1
C7.5.5,FDA,PM,PM match for C7.5.5 against FDA,coder_1
C7.6.1,FDA,PM,PM match for C7.6.1 against FDA,coder_1
C7.6.2,FDA,PM,PM match for C7.6.2 against FDA,coder_1
C7.6.3,FDA,EM,EM match for C7.6.3 against FDA,coder_1
C7.6.4,FDA,PM,PM match for C7.6.4 against FDA,coder_1
C7.6.5,FDA,EM,EM match for C7.6.5 against FDA,coder_1
C7.7.1,FDA,EM,EM match for C7.7.1 against FDA,coder_1
C7.7.2,FDA,EM,EM match for C7.7.2 against FDA,coder_1
C7.7.3,FDA,PM,PM match for C7.7.3 against FDA,coder_1
C7.7.4,FDA,PM,PM match for C7.7.4 against FDA,coder_1
C7.7.5,FDA,PM,PM match for C7.7.5 against FDA,coder_1
C8.1.1,FDA,EM,EM match for C8.1.1 against FDA,coder_1
C8.1.2,FDA,PM,PM match for C8.1.2 against FDA,coder_1
C8.1.3,FDA,EM,EM match for C8.1.3 against FDA,coder_1
C8.1.4,FDA,PM,PM match for C8.1.4 against FDA,coder_1
C8.1.5,FDA,EM,EM match for C8.1.5 against FDA,coder_1
C8.2.1,FDA,NM,NM match for C8.2.1 against FDA,coder_1
C8.2.2,FDA,EM,EM match for C8.2.2 against FDA,coder_1
C8.2.3,FDA,EM,EM match for C8.2.3 against FDA,coder_1
C8.2.4,FDA,EM,EM match for C8.2.4 against FDA,coder_1
C8.2.5,FDA,EM,EM match for C8.2.5 against FDA,coder_1
C8.3.1,FDA,EM,EM match for C8.3.1 against FDA,coder_1
C8.3.2,FDA,EM,EM match for C8.3.2 against FDA,coder_1
C8.3.3,FDA,PM,PM match for C8.3.3 against FDA,coder_1
C8.3.4,FDA,NM,NM match for C8.3.4 against FDA,coder_1
C8.3.5,FDA,EM,EM match for C8.3.5 against FDA,coder_1
C8.4.1,FDA,EM,EM match for C8.4.1 against FDA,coder_1
C8.4.2,FDA,NM,NM match for C8.4.2 against FDA,coder_1
C8.4.3,FDA,EM,EM match for C8.4.3 against FDA,coder_1
C8.4.4,FDA,NM,NM match for C8.4.4 against FDA,coder_1
C8.4.5,FDA,EM,EM match for C8.4.5 against FDA,coder_1
C8.5.1,FDA,EM,EM match for C8.5.1 against FDA,coder_1
C8.5.2,FDA,PM,PM match for C8.5.2 against FDA,coder_1
C8.5.3,FDA,PM,PM match for C8.5.3 against FDA,coder_1
C8.5.4,FDA,PM,PM match for C8.5.4 against FDA,coder_1
C8.5.5,FDA,PM,PM match for C8.5.5 against FDA,coder_1
C8.6.1,FDA,EM,EM match for C8.6.1 against FDA,coder_1
C8.6.2,FDA,EM,EM match for C8.6.2 against FDA,coder_1
C8.6.3,FDA,NM,NM match for C8.6.3 against FDA,coder_1
C8.6.4,FDA,PM,PM match for C8.6.4 against FDA,coder_1
C8.6.5,FDA,PM,PM match for C8.6.5 against FDA,coder_1
C8.7.1,FDA,EM,EM match for C8.7.1 against FDA,coder_1
C8.7.2,FDA,EM,EM match for C8.7.2 against FDA,coder_1
C8.7.3,FDA,EM,EM match for C8.7.3 against FDA,coder_1
C8.7.4,FDA,PM,PM match for C8.7.4 against FDA,coder_1
C8.7.5,FDA,EM,EM match for C8.7.5 against FDA,coder_1
C8.8.1,FDA,EM,EM match for C8.8.1 against FDA,coder_1
C8.8.2,FDA,EM,EM match for C8.8.2 against FDA,coder_1
C8.8.3,FDA,PM,PM match for C8.8.3 against FDA,coder_1
C8.8.4,FDA,PM,PM match for C8.8.4 against FDA,coder_1
C8.8.5,FDA,PM,PM match for C8.8.5 against FDA,coder_1
C8.9.1,FDA,EM,EM match for C8.9.1 against FDA,coder_1
C8.9.2,FDA,EM,EM match for C8.9.2 against FDA,coder_1
C1.1.1,EU_AI_Act,NM,NM match for C1.1.1 against EU_AI_Act,coder_1
C1.1.2,EU_AI_Act,NM,NM match for C1.1.2 against EU_AI_Act,coder_1
C1.1.3,EU_AI_Act,EM,EM match for C1.1.3 against EU_AI_Act,coder_1
C1.1.4,EU_AI_Act,NM,NM match for C1.1.4 against EU_AI_Act,coder_1
C1.1.5,EU_AI_Act,EM,EM match for C1.1.5 against EU_AI_Act,coder_1
C1.2.1,EU_AI_Act,PM,PM match for C1.2.1 against EU_AI_Act,coder_1
C1.2.2,EU_AI_Act,PM,PM match for C1.2.2 against EU_AI_Act,coder_1
C1.2.3,EU_AI_Act,NM,NM match for C1.2.3 against EU_AI_Act,coder_1
C1.2.4,EU_AI_Act,PM,PM match for C1.2.4 against EU_AI_Act,coder_1
C1.2.5,EU_AI_Act,NM,NM match for C1.2.5 against EU_AI_Act,coder_1
C1.3.1,EU_AI_Act,NM,NM match for C1.3.1 against EU_AI_Act,coder_1
C1.3.2,EU_AI_Act,PM,PM match for C1.3.2 against EU_AI_Act,coder_1
C1.3.3,EU_AI_Act,PM,PM match for C1.3.3 against EU_AI_Act,coder_1
C1.3.4,EU_AI_Act,PM,PM match for C1.3.4 against EU_AI_Act,coder_1
C1.3.5,EU_AI_Act,EM,EM match for C1.3.5 against EU_AI_Act,coder_1
C1.4.1,EU_AI_Act,PM,PM match for C1.4.1 against EU_AI_Act,coder_1
C1.4.2,EU_AI_Act,PM,PM match for C1.4.2 against EU_AI_Act,coder_1
C1.4.3,EU_AI_Act,NM,NM match for C1.4.3 against EU_AI_Act,coder_1
C1.4.4,EU_AI_Act,NM,NM match for C1.4.4 against EU_AI_Act,coder_1
C1.4.5,EU_AI_Act,PM,PM match for C1.4.5 against EU_AI_Act,coder_1
C1.5.1,EU_AI_Act,PM,PM match for C1.5.1 against EU_AI_Act,coder_1
C1.5.2,EU_AI_Act,PM,PM match for C1.5.2 against EU_AI_Act,coder_1
C1.5.3,EU_AI_Act,PM,PM match for C1.5.3 against EU_AI_Act,coder_1
C1.5.4,EU_AI_Act,PM,PM match for C1.5.4 against EU_AI_Act,coder_1
C1.5.5,EU_AI_Act,NM,NM match for C1.5.5 against EU_AI_Act,coder_1
C1.6.1,EU_AI_Act,PM,PM match for C1.6.1 against EU_AI_Act,coder_1
C1.6.2,EU_AI_Act,PM,PM match for C1.6.2 against EU_AI_Act,coder_1
C1.6.3,EU_AI_Act,PM,PM match for C1.6.3 against EU_AI_Act,coder_1
C1.6.4,EU_AI_Act,PM,PM match for C1.6.4 against EU_AI_Act,coder_1
C1.6.5,EU_AI_Act,PM,PM match for C1.6.5 against EU_AI_Act,coder_1
C2.1.1,EU_AI_Act,PM,PM match for C2.1.1 against EU_AI_Act,coder_1
C2.1.2,EU_AI_Act,NM,NM match for C2.1.2 against EU_AI_Act,coder_1
C2.1.3,EU_AI_Act,PM,PM match for C2.1.3 against EU_AI_Act,coder_1
C2.1.4,EU_AI_Act,PM,PM match for C2.1.4 against EU_AI_Act,coder_1
C2.1.5,EU_AI_Act,EM,EM match for C2.1.5 against EU_AI_Act,coder_1
C2.2.1,EU_AI_Act,PM,PM match for C2.2.1 against EU_AI_Act,coder_1
C2.2.2,EU_AI_Act,PM,PM match for C2.2.2 against EU_AI_Act,coder_1
C2.2.3,EU_AI_Act,NM,NM match for C2.2.3 against EU_AI_Act,coder_1
C2.2.4,EU_AI_Act,PM,PM match for C2.2.4 against EU_AI_Act,coder_1
C2.2.5,EU_AI_Act,PM,PM match for C2.2.5 against EU_AI_Act,coder_1
C2.3.1,EU_AI_Act,NM,NM match for C2.3.1 against EU_AI_Act,coder_1
C2.3.2,EU_AI_Act,NM,NM match for C2.3.2 against EU_AI_Act,coder_1
C2.3.3,EU_AI_Act,PM,PM match for C2.3.3 against EU_AI_Act,coder_1
C2.3.4,EU_AI_Act,EM,EM match for C2.3.4 against EU_AI_Act,coder_1
C2.3.5,EU_AI_Act,PM,PM match for C2.3.5 against EU_AI_Act,coder_1
C2.4.1,EU_AI_Act,NM,NM match for C2.4.1 against EU_AI_Act,coder_1
C2.4.2,EU_AI_Act,EM,EM match for C2.4.2 against EU_AI_Act,coder_1
C2.4.3,EU_AI_Act,PM,PM match for C2.4.3 against EU_AI_Act,coder_1
C2.4.4,EU_AI_Act,NM,NM match for C2.4.4 against EU_AI_Act,coder_1
C2.4.5,EU_AI_Act,NM,NM match for C2.4.5 against EU_AI_Act,coder_1
C2.5.1,EU_AI_Act,EM,EM match for C2.5.1 against EU_AI_Act,coder_1
C2.5.2,EU_AI_Act,EM,EM match for C2.5.2 against EU_AI_Act,coder_1
C2.5.3,EU_AI_Act,PM,PM match for C2.5.3 against EU_AI_Act,coder_1
C2.5.4,EU_AI_Act,EM,EM match for C2.5.4 against EU_AI_Act,coder_1
C2.5.5,EU_AI_Act,EM,EM match for C2.5.5 against EU_AI_Act,coder_1
C2.6.1,EU_AI_Act,NM,NM match for C2.6.1 against EU_AI_Act,coder_1
C2.6.2,EU_AI_Act,PM,PM match for C2.6.2 against EU_AI_Act,coder_1
C2.6.3,EU_AI_Act,NM,NM match for C2.6.3 against EU_AI_Act,coder_1
C2.6.4,EU_AI_Act,EM,EM match for C2.6.4 against EU_AI_Act,coder_1
C2.6.5,EU_AI_Act,NM,NM match for C2.6.5 against EU_AI_Act,coder_1
C2.7.1,EU_AI_Act,EM,EM match for C2.7.1 against EU_AI_Act,coder_1
C2.7.2,EU_AI_Act,NM,NM match for C2.7.2 against EU_AI_Act,coder_1
C2.7.3,EU_AI_Act,PM,PM match for C2.7.3 against EU_AI_Act,coder_1
C2.7.4,EU_AI_Act,PM,PM match for C2.7.4 against EU_AI_Act,coder_1
C3.1.1,EU_AI_Act,PM,PM match for C3.1.1 against EU_AI_Act,coder_1
C3.1.2,EU_AI_Act,NM,NM match for C3.1.2 against EU_AI_Act,coder_1
C3.1.3,EU_AI_Act,NM,NM match for C3.1.3 against EU_AI_Act,coder_1
C3.1.4,EU_AI_Act,EM,EM match for C3.1.4 against EU_AI_Act,coder_1
C3.1.5,EU_AI_Act,EM,EM match for C3.1.5 against EU_AI_Act,coder_1
C3.2.1,EU_AI_Act,NM,NM match for C3.2.1 against EU_AI_Act,coder_1
C3.2.2,EU_AI_Act,EM,EM match for C3.2.2 against EU_AI_Act,coder_1
C3.2.3,EU_AI_Act,PM,PM match for C3.2.3 against EU_AI_Act,coder_1
C3.2.4,EU_AI_Act,EM,EM match for C3.2.4 against EU_AI_Act,coder_1
C3.2.5,EU_AI_Act,EM,EM match for C3.2.5 against EU_AI_Act,coder_1
C3.3.1,EU_AI_Act,EM,EM match for C3.3.1 against EU_AI_Act,coder_1
C3.3.2,EU_AI_Act,NM,NM match for C3.3.2 against EU_AI_Act,coder_1
C3.3.3,EU_AI_Act,EM,EM match for C3.3.3 against EU_AI_Act,coder_1
C3.3.4,EU_AI_Act,EM,EM match for C3.3.4 against EU_AI_Act,coder_1
C3.3.5,EU_AI_Act,PM,PM match for C3.3.5 against EU_AI_Act,coder_1
C3.4.1,EU_AI_Act,NM,NM match for C3.4.1 against EU_AI_Act,coder_1
C3.4.2,EU_AI_Act,PM,PM match for C3.4.2 against EU_AI_Act,coder_1
C3.4.3,EU_AI_Act,PM,PM match for C3.4.3 against EU_AI_Act,coder_1
C3.4.4,EU_AI_Act,EM,EM match for C3.4.4 against EU_AI_Act,coder_1
C3.4.5,EU_AI_Act,EM,EM match for C3.4.5 against EU_AI_Act,coder_1
C3.5.1,EU_AI_Act,PM,PM match for C3.5.1 against EU_AI_Act,coder_1
C3.5.2,EU_AI_Act,NM,NM match for C3.5.2 against EU_AI_Act,coder_1
C3.5.3,EU_AI_Act,NM,NM match for C3.5.3 against EU_AI_Act,coder_1
C3.5.4,EU_AI_Act,EM,EM match for C3.5.4 against EU_AI_Act,coder_1
C3.5.5,EU_AI_Act,EM,EM match for C3.5.5 against EU_AI_Act,coder_1
C3.6.1,EU_AI_Act,NM,NM match for C3.6.1 against EU_AI_Act,coder_1
C3.6.2,EU_AI_Act,NM,NM match for C3.6.2 against EU_AI_Act,coder_1
C3.6.3,EU_AI_Act,PM,PM match for C3.6.3 against EU_AI_Act,coder_1
C3.6.4,EU_AI_Act,PM,PM match for C3.6.4 against EU_AI_Act,coder_1
C3.6.5,EU_AI_Act,PM,PM match for C3.6.5 against EU_AI_Act,coder_1
C3.7.1,EU_AI_Act,PM,PM match for C3.7.1 against EU_AI_Act,coder_1
C3.7.2,EU_AI_Act,PM,PM match for C3.7.2 against EU_AI_Act,coder_1
C3.7.3,EU_AI_Act,PM,PM match for C3.7.3 against EU_AI_Act,coder_1
C3.7.4,EU_AI_Act,EM,EM match for C3.7.4 against EU_AI_Act,coder_1
C3.7.5,EU_AI_Act,NM,NM match for C3.7.5 against EU_AI_Act,coder_1
C4.1.1,EU_AI_Act,PM,PM match for C4.1.1 against EU_AI_Act,coder_1
C4.1.2,EU_AI_Act,EM,EM match for C4.1.2 against EU_AI_Act,coder_1
C4.1.3,EU_AI_Act,PM,PM match for C4.1.3 against EU_AI_Act,coder_1
C4.1.4,EU_AI_Act,EM,EM match for C4.1.4 against EU_AI_Act,coder_1
C4.1.5,EU_AI_Act,NM,NM match for C4.1.5 against EU_AI_Act,coder_1
C4.2.1,EU_AI_Act,PM,PM match for C4.2.1 against EU_AI_Act,coder_1
C4.2.2,EU_AI_Act,NM,NM match for C4.2.2 against EU_AI_Act,coder_1
C4.2.3,EU_AI_Act,NM,NM match for C4.2.3 against EU_AI_Act,coder_1
C4.2.4,EU_AI_Act,PM,PM match for C4.2.4 against EU_AI_Act,coder_1
C4.2.5,EU_AI_Act,PM,PM match for C4.2.5 against EU_AI_Act,coder_1
C4.3.1,EU_AI_Act,NM,NM match for C4.3.1 against EU_AI_Act,coder_1
C4.3.2,EU_AI_Act,PM,PM match for C4.3.2 against EU_AI_Act,coder_1
C4.3.3,EU_AI_Act,PM,PM match for C4.3.3 against EU_AI_Act,coder_1
C4.3.4,EU_AI_Act,EM,EM match for C4.3.4 against EU_AI_Act,coder_1
C4.3.5,EU_AI_Act,PM,PM match for C4.3.5 against EU_AI_Act,coder_1
C4.4.1,EU_AI_Act,PM,PM match for C4.4.1 against EU_AI_Act,coder_1
C4.4.2,EU_AI_Act,PM,PM match for C4.4.2 against EU_AI_Act,coder_1
C4.4.3,EU_AI_Act,NM,NM match for C4.4.3 against EU_AI_Act,coder_1
C4.4.4,EU_AI_Act,EM,EM match for C4.4.4 against EU_AI_Act,coder_1
C4.4.5,EU_AI_Act,PM,PM match for C4.4.5 against EU_AI_Act,coder_1
C4.5.1,EU_AI_Act,PM,PM match for C4.5.1 against EU_AI_Act,coder_1
C4.5.2,EU_AI_Act,EM,EM match for C4.5.2 against EU_AI_Act,coder_1
C4.5.3,EU_AI_Act,PM,PM match for C4.5.3 against EU_AI_Act,coder_1
C4.5.4,EU_AI_Act,EM,EM match for C4.5.4 against EU_AI_Act,coder_1
C4.5.5,EU_AI_Act,PM,PM match for C4.5.5 against EU_AI_Act,coder_1
C4.6.1,EU_AI_Act,NM,NM match for C4.6.1 against EU_AI_Act,coder_1
C4.6.2,EU_AI_Act,PM,PM match for C4.6.2 against EU_AI_Act,coder_1
C4.6.3,EU_AI_Act,PM,PM match for C4.6.3 against EU_AI_Act,coder_1
C4.6.4,EU_AI_Act,PM,PM match for C4.6.4 against EU_AI_Act,coder_1
C4.6.5,EU_AI_Act,EM,EM match for C4.6.5 against EU_AI_Act,coder_1
C4.7.1,EU_AI_Act,NM,NM match for C4.7.1 against EU_AI_Act,coder_1
C4.7.2,EU_AI_Act,EM,EM match for C4.7.2 against EU_AI_Act,coder_1
C4.7.3,EU_AI_Act,PM,PM match for C4.7.3 against EU_AI_Act,coder_1
C4.7.4,EU_AI_Act,EM,EM match for C4.7.4 against EU_AI_Act,coder_1
C4.7.5,EU_AI_Act,PM,PM match for C4.7.5 against EU_AI_Act,coder_1
C4.8.1,EU_AI_Act,EM,EM match for C4.8.1 against EU_AI_Act,coder_1
C4.8.2,EU_AI_Act,EM,EM match for C4.8.2 against EU_AI_Act,coder_1
C4.8.3,EU_AI_Act,EM,EM match for C4.8.3 against EU_AI_Act,coder_1
C5.1.1,EU_AI_Act,EM,EM match for C5.1.1 against EU_AI_Act,coder_1
C5.1.2,EU_AI_Act,NM,NM match for C5.1.2 against EU_AI_Act,coder_1
C5.1.3,EU_AI_Act,NM,NM match for C5.1.3 against EU_AI_Act,coder_1
C5.1.4,EU_AI_Act,PM,PM match for C5.1.4 against EU_AI_Act,coder_1
C5.1.5,EU_AI_Act,EM,EM match for C5.1.5 against EU_AI_Act,coder_1
C5.2.1,EU_AI_Act,NM,NM match for C5.2.1 against EU_AI_Act,coder_1
C5.2.2,EU_AI_Act,PM,PM match for C5.2.2 against EU_AI_Act,coder_1
C5.2.3,EU_AI_Act,NM,NM match for C5.2.3 against EU_AI_Act,coder_1
C5.2.4,EU_AI_Act,EM,EM match for C5.2.4 against EU_AI_Act,coder_1
C5.2.5,EU_AI_Act,EM,EM match for C5.2.5 against EU_AI_Act,coder_1
C5.3.1,EU_AI_Act,EM,EM match for C5.3.1 against EU_AI_Act,coder_1
C5.3.2,EU_AI_Act,PM,PM match for C5.3.2 against EU_AI_Act,coder_1
C5.3.3,EU_AI_Act,EM,EM match for C5.3.3 against EU_AI_Act,coder_1
C5.3.4,EU_AI_Act,EM,EM match for C5.3.4 against EU_AI_Act,coder_1
C5.3.5,EU_AI_Act,EM,EM match for C5.3.5 against EU_AI_Act,coder_1
C5.4.1,EU_AI_Act,PM,PM match for C5.4.1 against EU_AI_Act,coder_1
C5.4.2,EU_AI_Act,PM,PM match for C5.4.2 against EU_AI_Act,coder_1
C5.4.3,EU_AI_Act,NM,NM match for C5.4.3 against EU_AI_Act,coder_1
C5.4.4,EU_AI_Act,NM,NM match for C5.4.4 against EU_AI_Act,coder_1
C5.4.5,EU_AI_Act,PM,PM match for C5.4.5 against EU_AI_Act,coder_1
C5.5.1,EU_AI_Act,EM,EM match for C5.5.1 against EU_AI_Act,coder_1
C5.5.2,EU_AI_Act,PM,PM match for C5.5.2 against EU_AI_Act,coder_1
C5.5.3,EU_AI_Act,PM,PM match for C5.5.3 against EU_AI_Act,coder_1
C5.5.4,EU_AI_Act,EM,EM match for C5.5.4 against EU_AI_Act,coder_1
C5.5.5,EU_AI_Act,EM,EM match for C5.5.5 against EU_AI_Act,coder_1
C5.6.1,EU_AI_Act,PM,PM match for C5.6.1 against EU_AI_Act,coder_1
C5.6.2,EU_AI_Act,EM,EM match for C5.6.2 against EU_AI_Act,coder_1
C5.6.3,EU_AI_Act,EM,EM match for C5.6.3 against EU_AI_Act,coder_1
C5.6.4,EU_AI_Act,PM,PM match for C5.6.4 against EU_AI_Act,coder_1
C5.6.5,EU_AI_Act,EM,EM match for C5.6.5 against EU_AI_Act,coder_1
C6.1.1,EU_AI_Act,EM,EM match for C6.1.1 against EU_AI_Act,coder_1
C6.1.2,EU_AI_Act,NM,NM match for C6.1.2 against EU_AI_Act,coder_1
C6.1.3,EU_AI_Act,PM,PM match for C6.1.3 against EU_AI_Act,coder_1
C6.1.4,EU_AI_Act,PM,PM match for C6.1.4 against EU_AI_Act,coder_1
C6.1.5,EU_AI_Act,NM,NM match for C6.1.5 against EU_AI_Act,coder_1
C6.2.1,EU_AI_Act,NM,NM match for C6.2.1 against EU_AI_Act,coder_1
C6.2.2,EU_AI_Act,PM,PM match for C6.2.2 against EU_AI_Act,coder_1
C6.2.3,EU_AI_Act,PM,PM match for C6.2.3 against EU_AI_Act,coder_1
C6.2.4,EU_AI_Act,EM,EM match for C6.2.4 against EU_AI_Act,coder_1
C6.2.5,EU_AI_Act,PM,PM match for C6.2.5 against EU_AI_Act,coder_1
C6.3.1,EU_AI_Act,PM,PM match for C6.3.1 against EU_AI_Act,coder_1
C6.3.2,EU_AI_Act,NM,NM match for C6.3.2 against EU_AI_Act,coder_1
C6.3.3,EU_AI_Act,EM,EM match for C6.3.3 against EU_AI_Act,coder_1
C6.3.4,EU_AI_Act,PM,PM match for C6.3.4 against EU_AI_Act,coder_1
C6.3.5,EU_AI_Act,EM,EM match for C6.3.5 against EU_AI_Act,coder_1
C6.4.1,EU_AI_Act,NM,NM match for C6.4.1 against EU_AI_Act,coder_1
C6.4.2,EU_AI_Act,PM,PM match for C6.4.2 against EU_AI_Act,coder_1
C6.4.3,EU_AI_Act,NM,NM match for C6.4.3 against EU_AI_Act,coder_1
C6.4.4,EU_AI_Act,NM,NM match for C6.4.4 against EU_AI_Act,coder_1
C6.4.5,EU_AI_Act,PM,PM match for C6.4.5 against EU_AI_Act,coder_1
C6.5.1,EU_AI_Act,EM,EM match for C6.5.1 against EU_AI_Act,coder_1
C6.5.2,EU_AI_Act,PM,PM match for C6.5.2 against EU_AI_Act,coder_1
C6.5.3,EU_AI_Act,PM,PM match for C6.5.3 against EU_AI_Act,coder_1
C6.5.4,EU_AI_Act,NM,NM match for C6.5.4 against EU_AI_Act,coder_1
C6.5.5,EU_AI_Act,NM,NM match for C6.5.5 against EU_AI_Act,coder_1
C6.6.1,EU_AI_Act,PM,PM match for C6.6.1 against EU_AI_Act,coder_1
C6.6.2,EU_AI_Act,NM,NM match for C6.6.2 against EU_AI_Act,coder_1
C6.6.3,EU_AI_Act,EM,EM match for C6.6.3 against EU_AI_Act,coder_1
C6.6.4,EU_AI_Act,EM,EM match for C6.6.4 against EU_AI_Act,coder_1
C6.6.5,EU_AI_Act,PM,PM match for C6.6.5 against EU_AI_Act,coder_1
C6.7.1,EU_AI_Act,NM,NM match for C6.7.1 against EU_AI_Act,coder_1
C6.7.2,EU_AI_Act,PM,PM match for C6.7.2 against EU_AI_Act,coder_1
C6.7.3,EU_AI_Act,EM,EM match for C6.7.3 against EU_AI_Act,coder_1
C6.7.4,EU_AI_Act,PM,PM match for C6.7.4 against EU_AI_Act,coder_1
C6.7.5,EU_AI_Act,NM,NM match for C6.7.5 against EU_AI_Act,coder_1
C7.1.1,EU_AI_Act,EM,EM match for C7.1.1 against EU_AI_Act,coder_1
C7.1.2,EU_AI_Act,PM,PM match for C7.1.2 against EU_AI_Act,coder_1
C7.1.3,EU_AI_Act,EM,EM match for C7.1.3 against EU_AI_Act,coder_1
C7.1.4,EU_AI_Act,EM,EM match for C7.1.4 against EU_AI_Act,coder_1
C7.1.5,EU_AI_Act,NM,NM match for C7.1.5 against EU_AI_Act,coder_1
C7.2.1,EU_AI_Act,PM,PM match for C7.2.1 against EU_AI_Act,coder_1
C7.2.2,EU_AI_Act,PM,PM match for C7.2.2 against EU_AI_Act,coder_1
C7.2.3,EU_AI_Act,EM,EM match for C7.2.3 against EU_AI_Act,coder_1
C7.2.4,EU_AI_Act,EM,EM match for C7.2.4 against EU_AI_Act,coder_1
C7.2.5,EU_AI_Act,NM,NM match for C7.2.5 against EU_AI_Act,coder_1
C7.3.1,EU_AI_Act,PM,PM match for C7.3.1 against EU_AI_Act,coder_1
C7.3.2,EU_AI_Act,PM,PM match for C7.3.2 against EU_AI_Act,coder_1
C7.3.3,EU_AI_Act,NM,NM match for C7.3.3 against EU_AI_Act,coder_1
C7.3.4,EU_AI_Act,PM,PM match for C7.3.4 against EU_AI_Act,coder_1
C7.3.5,EU_AI_Act,PM,PM match for C7.3.5 against EU_AI_Act,coder_1
C7.4.1,EU_AI_Act,NM,NM match for C7.4.1 against EU_AI_Act,coder_1
C7.4.2,EU_AI_Act,PM,PM match for C7.4.2 against EU_AI_Act,coder_1
C7.4.3,EU_AI_Act,EM,EM match for C7.4.3 against EU_AI_Act,coder_1
C7.4.4,EU_AI_Act,NM,NM match for C7.4.4 against EU_AI_Act,coder_1
C7.4.5,EU_AI_Act,NM,NM match for C7.4.5 against EU_AI_Act,coder_1
C7.5.1,EU_AI_Act,EM,EM match for C7.5.1 against EU_AI_Act,coder_1
C7.5.2,EU_AI_Act,PM,PM match for C7.5.2 against EU_AI_Act,coder_1
C7.5.3,EU_AI_Act,NM,NM match for C7.5.3 against EU_AI_Act,coder_1
C7.5.4,EU_AI_Act,PM,PM match for C7.5.4 against EU_AI_Act,coder_1
C7.5.5,EU_AI_Act,EM,EM match for C7.5.5 against EU_AI_Act,coder_1
C7.6.1,EU_AI_Act,NM,NM match for C7.6.1 against EU_AI_Act,coder_1
C7.6.2,EU_AI_Act,PM,PM match for C7.6.2 against EU_AI_Act,coder_1
C7.6.3,EU_AI_Act,NM,NM match for C7.6.3 against EU_AI_Act,coder_1
C7.6.4,EU_AI_Act,PM,PM match for C7.6.4 against EU_AI_Act,coder_1
C7.6.5,EU_AI_Act,EM,EM match for C7.6.5 against EU_AI_Act,coder_1
C7.7.1,EU_AI_Act,NM,NM match for C7.7.1 against EU_AI_Act,coder_1
C7.7.2,EU_AI_Act,NM,NM match for C7.7.2 against EU_AI_Act,coder_1
C7.7.3,EU_AI_Act,EM,EM match for C7.7.3 against EU_AI_Act,coder_1
C7.7.4,EU_AI_Act,PM,PM match for C7.7.4 against EU_AI_Act,coder_1
C7.7.5,EU_AI_Act,NM,NM match for C7.7.5 against EU_AI_Act,coder_1
C8.1.1,EU_AI_Act,EM,EM match for C8.1.1 against EU_AI_Act,coder_1
C8.1.2,EU_AI_Act,NM,NM match for C8.1.2 against EU_AI_Act,coder_1
C8.1.3,EU_AI_Act,NM,NM match for C8.1.3 against EU_AI_Act,coder_1
C8.1.4,EU_AI_Act,NM,NM match for C8.1.4 against EU_AI_Act,coder_1
C8.1.5,EU_AI_Act,PM,PM match for C8.1.5 against EU_AI_Act,coder_1
C8.2.1,EU_AI_Act,PM,PM match for C8.2.1 against EU_AI_Act,coder_1
C8.2.2,EU_AI_Act,PM,PM match for C8.2.2 against EU_AI_Act,coder_1
C8.2.3,EU_AI_Act,EM,EM match for C8.2.3 against EU_AI_Act,coder_1
C8.2.4,EU_AI_Act,NM,NM match for C8.2.4 against EU_AI_Act,coder_1
C8.2.5,EU_AI_Act,PM,PM match for C8.2.5 against EU_AI_Act,coder_1
C8.3.1,EU_AI_Act,PM,PM match for C8.3.1 against EU_AI_Act,coder_1
C8.3.2,EU_AI_Act,EM,EM match for C8.3.2 against EU_AI_Act,coder_1
C8.3.3,EU_AI_Act,PM,PM match for C8.3.3 against EU_AI_Act,coder_1
C8.3.4,EU_AI_Act,PM,PM match for C8.3.4 against EU_AI_Act,coder_1
C8.3.5,EU_AI_Act,PM,PM match for C8.3.5 against EU_AI_Act,coder_1
C8.4.1,EU_AI_Act,EM,EM match for C8.4.1 against EU_AI_Act,coder_1
C8.4.2,EU_AI_Act,NM,NM match for C8.4.2 against EU_AI_Act,coder_1
C8.4.3,EU_AI_Act,EM,EM match for C8.4.3 against EU_AI_Act,coder_1
C8.4.4,EU_AI_Act,PM,PM match for C8.4.4 against EU_AI_Act,coder_1
C8.4.5,EU_AI_Act,PM,PM match for C8.4.5 against EU_AI_Act,coder_1
C8.5.1,EU_AI_Act,PM,PM match for C8.5.1 against EU_AI_Act,coder_1
C8.5.2,EU_AI_Act,NM,NM match for C8.5.2 against EU_AI_Act,coder_1
C8.5.3,EU_AI_Act,NM,NM match for C8.5.3 against EU_AI_Act,coder_1
C8.5.4,EU_AI_Act,PM,PM match for C8.5.4 against EU_AI_Act,coder_1
C8.5.5,EU_AI_Act,NM,NM match for C8.5.5 against EU_AI_Act,coder_1
C8.6.1,EU_AI_Act,PM,PM match for C8.6.1 against EU_AI_Act,coder_1
C8.6.2,EU_AI_Act,NM,NM match for C8.6.2 against EU_AI_Act,coder_1
C8.6.3,EU_AI_Act,EM,EM match for C8.6.3 against EU_AI_Act,coder_1
C8.6.4,EU_AI_Act,PM,PM match for C8.6.4 against EU_AI_Act,coder_1
C8.6.5,EU_AI_Act,PM,PM match for C8.6.5 against EU_AI_Act,coder_1
C8.7.1,EU_AI_Act,EM,EM match for C8.7.1 against EU_AI_Act,coder_1
C8.7.2,EU_AI_Act,NM,NM match for C8.7.2 against EU_AI_Act,coder_1
C8.7.3,EU_AI_Act,PM,PM match for C8.7.3 against EU_AI_Act,coder_1
C8.7.4,EU_AI_Act,NM,NM match for C8.7.4 against EU_AI_Act,coder_1
C8.7.5,EU_AI_Act,NM,NM match for C8.7.5 against EU_AI_Act,coder_1
C8.8.1,EU_AI_Act,NM,NM match for C8.8.1 against EU_AI_Act,coder_1
C8.8.2,EU_AI_Act,PM,PM match for C8.8.2 against EU_AI_Act,coder_1
C8.8.3,EU_AI_Act,PM,PM match for C8.8.3 against EU_AI_Act,coder_1
C8.8.4,EU_AI_Act,EM,EM match for C8.8.4 against EU_AI_Act,coder_1
C8.8.5,EU_AI_Act,EM,EM match for C8.8.5 against EU_AI_Act,coder_1
C8.9.1,EU_AI_Act,NM,NM match for C8.9.1 against EU_AI_Act,coder_1
C8.9.2,EU_AI_Act,EM,EM match for C8.9.2 against EU_AI_Act,coder_1
C1.1.1,Health_Canada,EM,EM match for C1.1.1 against Health_Canada,coder_1
C1.1.2,Health_Canada,NM,NM match for C1.1.2 against Health_Canada,coder_1
C1.1.3,Health_Canada,PM,PM match for C1.1.3 against Health_Canada,coder_1
C1.1.4,Health_Canada,NM,NM match for C1.1.4 against Health_Canada,coder_1
C1.1.5,Health_Canada,NM,NM match for C1.1.5 against Health_Canada,coder_1
C1.2.1,Health_Canada,PM,PM match for C1.2.1 against Health_Canada,coder_1
C1.2.2,Health_Canada,PM,PM match for C1.2.2 against Health_Canada,coder_1
C1.2.3,Health_Canada,NM,NM match for C1.2.3 against Health_Canada,coder_1
C1.2.4,Health_Canada,EM,EM match for C1.2.4 against Health_Canada,coder_1
C1.2.5,Health_Canada,NM,NM match for C1.2.5 against Health_Canada,coder_1
C1.3.1,Health_Canada,PM,PM match for C1.3.1 against Health_Canada,coder_1
C1.3.2,Health_Canada,PM,PM match for C1.3.2 against Health_Canada,coder_1
C1.3.3,Health_Canada,NM,NM match for C1.3.3 against Health_Canada,coder_1
C1.3.4,Health_Canada,EM,EM match for C1.3.4 against Health_Canada,coder_1
C1.3.5,Health_Canada,NM,NM match for C1.3.5 against Health_Canada,coder_1
C1.4.1,Health_Canada,PM,PM match for C1.4.1 against Health_Canada,coder_1
C1.4.2,Health_Canada,PM,PM match for C1.4.2 against Health_Canada,coder_1
C1.4.3,Health_Canada,PM,PM match for C1.4.3 against Health_Canada,coder_1
C1.4.4,Health_Canada,PM,PM match for C1.4.4 against Health_Canada,coder_1
C1.4.5,Health_Canada,PM,PM match for C1.4.5 against Health_Canada,coder_1
C1.5.1,Health_Canada,EM,EM match for C1.5.1 against Health_Canada,coder_1
C1.5.2,Health_Canada,NM,NM match for C1.5.2 against Health_Canada,coder_1
C1.5.3,Health_Canada,EM,EM match for C1.5.3 against Health_Canada,coder_1
C1.5.4,Health_Canada,NM,NM match for C1.5.4 against Health_Canada,coder_1
C1.5.5,Health_Canada,NM,NM match for C1.5.5 against Health_Canada,coder_1
C1.6.1,Health_Canada,PM,PM match for C1.6.1 against Health_Canada,coder_1
C1.6.2,Health_Canada,PM,PM match for C1.6.2 against Health_Canada,coder_1
C1.6.3,Health_Canada,EM,EM match for C1.6.3 against Health_Canada,coder_1
C1.6.4,Health_Canada,PM,PM match for C1.6.4 against Health_Canada,coder_1
C1.6.5,Health_Canada,EM,EM match for C1.6.5 against Health_Canada,coder_1
C2.1.1,Health_Canada,PM,PM match for C2.1.1 against Health_Canada,coder_1
C2.1.2,Health_Canada,NM,NM match for C2.1.2 against Health_Canada,coder_1
C2.1.3,Health_Canada,EM,EM match for C2.1.3 against Health_Canada,coder_1
C2.1.4,Health_Canada,PM,PM match for C2.1.4 against Health_Canada,coder_1
C2.1.5,Health_Canada,PM,PM match for C2.1.5 against Health_Canada,coder_1
C2.2.1,Health_Canada,NM,NM match for C2.2.1 against Health_Canada,coder_1
C2.2.2,Health_Canada,PM,PM match for C2.2.2 against Health_Canada,coder_1
C2.2.3,Health_Canada,NM,NM match for C2.2.3 against Health_Canada,coder_1
C2.2.4,Health_Canada,EM,EM match for C2.2.4 against Health_Canada,coder_1
C2.2.5,Health_Canada,PM,PM match for C2.2.5 against Health_Canada,coder_1
C2.3.1,Health_Canada,NM,NM match for C2.3.1 against Health_Canada,coder_1
C2.3.2,Health_Canada,NM,NM match for C2.3.2 against Health_Canada,coder_1
C2.3.3,Health_Canada,EM,EM match for C2.3.3 against Health_Canada,coder_1
C2.3.4,Health_Canada,PM,PM match for C2.3.4 against Health_Canada,coder_1
C2.3.5,Health_Canada,EM,EM match for C2.3.5 against Health_Canada,coder_1
C2.4.1,Health_Canada,EM,EM match for C2.4.1 against Health_Canada,coder_1
C2.4.2,Health_Canada,EM,EM match for C2.4.2 against Health_Canada,coder_1
C2.4.3,Health_Canada,PM,PM match for C2.4.3 against Health_Canada,coder_1
C2.4.4,Health_Canada,NM,NM match for C2.4.4 against Health_Canada,coder_1
C2.4.5,Health_Canada,EM,EM match for C2.4.5 against Health_Canada,coder_1
C2.5.1,Health_Canada,NM,NM match for C2.5.1 against Health_Canada,coder_1
C2.5.2,Health_Canada,NM,NM match for C2.5.2 against Health_Canada,coder_1
C2.5.3,Health_Canada,PM,PM match for C2.5.3 against Health_Canada,coder_1
C2.5.4,Health_Canada,PM,PM match for C2.5.4 against Health_Canada,coder_1
C2.5.5,Health_Canada,NM,NM match for C2.5.5 against Health_Canada,coder_1
C2.6.1,Health_Canada,NM,NM match for C2.6.1 against Health_Canada,coder_1
C2.6.2,Health_Canada,EM,EM match for C2.6.2 against Health_Canada,coder_1
C2.6.3,Health_Canada,EM,EM match for C2.6.3 against Health_Canada,coder_1
C2.6.4,Health_Canada,EM,EM match for C2.6.4 against Health_Canada,coder_1
C2.6.5,Health_Canada,PM,PM match for C2.6.5 against Health_Canada,coder_1
C2.7.1,Health_Canada,PM,PM match for C2.7.1 against Health_Canada,coder_1
C2.7.2,Health_Canada,PM,PM match for C2.7.2 against Health_Canada,coder_1
C2.7.3,Health_Canada,EM,EM match for C2.7.3 against Health_Canada,coder_1
C2.7.4,Health_Canada,PM,PM match for C2.7.4 against Health_Canada,coder_1
C3.1.1,Health_Canada,PM,PM match for C3.1.1 against Health_Canada,coder_1
C3.1.2,Health_Canada,PM,PM match for C3.1.2 against Health_Canada,coder_1
C3.1.3,Health_Canada,NM,NM match for C3.1.3 against Health_Canada,coder_1
C3.1.4,Health_Canada,NM,NM match for C3.1.4 against Health_Canada,coder_1
C3.1.5,Health_Canada,PM,PM match for C3.1.5 against Health_Canada,coder_1
C3.2.1,Health_Canada,NM,NM match for C3.2.1 against Health_Canada,coder_1
C3.2.2,Health_Canada,NM,NM match for C3.2.2 against Health_Canada,coder_1
C3.2.3,Health_Canada,EM,EM match for C3.2.3 against Health_Canada,coder_1
C3.2.4,Health_Canada,PM,PM match for C3.2.4 against Health_Canada,coder_1
C3.2.5,Health_Canada,EM,EM match for C3.2.5 against Health_Canada,coder_1
C3.3.1,Health_Canada,NM,NM match for C3.3.1 against Health_Canada,coder_1
C3.3.2,Health_Canada,NM,NM match for C3.3.2 against Health_Canada,coder_1
C3.3.3,Health_Canada,PM,PM match for C3.3.3 against Health_Canada,coder_1
C3.3.4,Health_Canada,NM,NM match for C3.3.4 against Health_Canada,coder_1
C3.3.5,Health_Canada,PM,PM match for C3.3.5 against Health_Canada,coder_1
C3.4.1,Health_Canada,EM,EM match for C3.4.1 against Health_Canada,coder_1
C3.4.2,Health_Canada,PM,PM match for C3.4.2 against Health_Canada,coder_1
C3.4.3,Health_Canada,NM,NM match for C3.4.3 against Health_Canada,coder_1
C3.4.4,Health_Canada,PM,PM match for C3.4.4 against Health_Canada,coder_1
C3.4.5,Health_Canada,PM,PM match for C3.4.5 against Health_Canada,coder_1
C3.5.1,Health_Canada,PM,PM match for C3.5.1 against Health_Canada,coder_1
C3.5.2,Health_Canada,PM,PM match for C3.5.2 against Health_Canada,coder_1
C3.5.3,Health_Canada,NM,NM match for C3.5.3 against Health_Canada,coder_1
C3.5.4,Health_Canada,PM,PM match for C3.5.4 against Health_Canada,coder_1
C3.5.5,Health_Canada,NM,NM match for C3.5.5 against Health_Canada,coder_1
C3.6.1,Health_Canada,NM,NM match for C3.6.1 against Health_Canada,coder_1
C3.6.2,Health_Canada,PM,PM match for C3.6.2 against Health_Canada,coder_1
C3.6.3,Health_Canada,EM,EM match for C3.6.3 against Health_Canada,coder_1
C3.6.4,Health_Canada,NM,NM match for C3.6.4 against Health_Canada,coder_1
C3.6.5,Health_Canada,NM,NM match for C3.6.5 against Health_Canada,coder_1
C3.7.1,Health_Canada,NM,NM match for C3.7.1 against Health_Canada,coder_1
C3.7.2,Health_Canada,EM,EM match for C3.7.2 against Health_Canada,coder_1
C3.7.3,Health_Canada,NM,NM match for C3.7.3 against Health_Canada,coder_1
C3.7.4,Health_Canada,PM,PM match for C3.7.4 against Health_Canada,coder_1
C3.7.5,Health_Canada,NM,NM match for C3.7.5 against Health_Canada,coder_1
C4.1.1,Health_Canada,EM,EM match for C4.1.1 against Health_Canada,coder_1
C4.1.2,Health_Canada,NM,NM match for C4.1.2 against Health_Canada,coder_1
C4.1.3,Health_Canada,EM,EM match for C4.1.3 against Health_Canada,coder_1
C4.1.4,Health_Canada,NM,NM match for C4.1.4 against Health_Canada,coder_1
C4.1.5,Health_Canada,PM,PM match for C4.1.5 against Health_Canada,coder_1
C4.2.1,Health_Canada,NM,NM match for C4.2.1 against Health_Canada,coder_1
C4.2.2,Health_Canada,PM,PM match for C4.2.2 against Health_Canada,coder_1
C4.2.3,Health_Canada,EM,EM match for C4.2.3 against Health_Canada,coder_1
C4.2.4,Health_Canada,NM,NM match for C4.2.4 against Health_Canada,coder_1
C4.2.5,Health_Canada,EM,EM match for C4.2.5 against Health_Canada,coder_1
C4.3.1,Health_Canada,EM,EM match for C4.3.1 against Health_Canada,coder_1
C4.3.2,Health_Canada,PM,PM match for C4.3.2 against Health_Canada,coder_1
C4.3.3,Health_Canada,PM,PM match for C4.3.3 against Health_Canada,coder_1
C4.3.4,Health_Canada,PM,PM match for C4.3.4 against Health_Canada,coder_1
C4.3.5,Health_Canada,EM,EM match for C4.3.5 against Health_Canada,coder_1
C4.4.1,Health_Canada,NM,NM match for C4.4.1 against Health_Canada,coder_1
C4.4.2,Health_Canada,EM,EM match for C4.4.2 against Health_Canada,coder_1
C4.4.3,Health_Canada,NM,NM match for C4.4.3 against Health_Canada,coder_1
C4.4.4,Health_Canada,NM,NM match for C4.4.4 against Health_Canada,coder_1
C4.4.5,Health_Canada,EM,EM match for C4.4.5 against Health_Canada,coder_1
C4.5.1,Health_Canada,PM,PM match for C4.5.1 against Health_Canada,coder_1
C4.5.2,Health_Canada,PM,PM match for C4.5.2 against Health_Canada,coder_1
C4.5.3,Health_Canada,PM,PM match for C4.5.3 against Health_Canada,coder_1
C4.5.4,Health_Canada,EM,EM match for C4.5.4 against Health_Canada,coder_1
C4.5.5,Health_Canada,NM,NM match for C4.5.5 against Health_Canada,coder_1
C4.6.1,Health_Canada,PM,PM match for C4.6.1 against Health_Canada,coder_1
C4.6.2,Health_Canada,NM,NM match for C4.6.2 against Health_Canada,coder_1
C4.6.3,Health_Canada,EM,EM match for C4.6.3 against Health_Canada,coder_1
C4.6.4,Health_Canada,NM,NM match for C4.6.4 against Health_Canada,coder_1
C4.6.5,Health_Canada,PM,PM match for C4.6.5 against Health_Canada,coder_1
C4.7.1,Health_Canada,PM,PM match for C4.7.1 against Health_Canada,coder_1
C4.7.2,Health_Canada,PM,PM match for C4.7.2 against Health_Canada,coder_1
C4.7.3,Health_Canada,NM,NM match for C4.7.3 against Health_Canada,coder_1
C4.7.4,Health_Canada,NM,NM match for C4.7.4 against Health_Canada,coder_1
C4.7.5,Health_Canada,EM,EM match for C4.7.5 against Health_Canada,coder_1
C4.8.1,Health_Canada,NM,NM match for C4.8.1 against Health_Canada,coder_1
C4.8.2,Health_Canada,NM,NM match for C4.8.2 against Health_Canada,coder_1
C4.8.3,Health_Canada,NM,NM match for C4.8.3 against Health_Canada,coder_1
C5.1.1,Health_Canada,EM,EM match for C5.1.1 against Health_Canada,coder_1
C5.1.2,Health_Canada,NM,NM match for C5.1.2 against Health_Canada,coder_1
C5.1.3,Health_Canada,PM,PM match for C5.1.3 against Health_Canada,coder_1
C5.1.4,Health_Canada,EM,EM match for C5.1.4 against Health_Canada,coder_1
C5.1.5,Health_Canada,PM,PM match for C5.1.5 against Health_Canada,coder_1
C5.2.1,Health_Canada,EM,EM match for C5.2.1 against Health_Canada,coder_1
C5.2.2,Health_Canada,PM,PM match for C5.2.2 against Health_Canada,coder_1
C5.2.3,Health_Canada,EM,EM match for C5.2.3 against Health_Canada,coder_1
C5.2.4,Health_Canada,PM,PM match for C5.2.4 against Health_Canada,coder_1
C5.2.5,Health_Canada,NM,NM match for C5.2.5 against Health_Canada,coder_1
C5.3.1,Health_Canada,PM,PM match for C5.3.1 against Health_Canada,coder_1
C5.3.2,Health_Canada,EM,EM match for C5.3.2 against Health_Canada,coder_1
C5.3.3,Health_Canada,PM,PM match for C5.3.3 against Health_Canada,coder_1
C5.3.4,Health_Canada,PM,PM match for C5.3.4 against Health_Canada,coder_1
C5.3.5,Health_Canada,NM,NM match for C5.3.5 against Health_Canada,coder_1
C5.4.1,Health_Canada,PM,PM match for C5.4.1 against Health_Canada,coder_1
C5.4.2,Health_Canada,NM,NM match for C5.4.2 against Health_Canada,coder_1
C5.4.3,Health_Canada,NM,NM match for C5.4.3 against Health_Canada,coder_1
C5.4.4,Health_Canada,PM,PM match for C5.4.4 against Health_Canada,coder_1
C5.4.5,Health_Canada,PM,PM match for C5.4.5 against Health_Canada,coder_1
C5.5.1,Health_Canada,PM,PM match for C5.5.1 against Health_Canada,coder_1
C5.5.2,Health_Canada,PM,PM match for C5.5.2 against Health_Canada,coder_1
C5.5.3,Health_Canada,PM,PM match for C5.5.3 against Health_Canada,coder_1
C5.5.4,Health_Canada,PM,PM match for C5.5.4 against Health_Canada,coder_1
C5.5.5,Health_Canada,PM,PM match for C5.5.5 against Health_Canada,coder_1
C5.6.1,Health_Canada,NM,NM match for C5.6.1 against Health_Canada,coder_1
C5.6.2,Health_Canada,PM,PM match for C5.6.2 against Health_Canada,coder_1
C5.6.3,Health_Canada,PM,PM match for C5.6.3 against Health_Canada,coder_1
C5.6.4,Health_Canada,PM,PM match for C5.6.4 against Health_Canada,coder_1
C5.6.5,Health_Canada,EM,EM match for C5.6.5 against Health_Canada,coder_1
C6.1.1,Health_Canada,PM,PM match for C6.1.1 against Health_Canada,coder_1
C6.1.2,Health_Canada,NM,NM match for C6.1.2 against Health_Canada,coder_1
C6.1.3,Health_Canada,PM,PM match for C6.1.3 against Health_Canada,coder_1
C6.1.4,Health_Canada,EM,EM match for C6.1.4 against Health_Canada,coder_1
C6.1.5,Health_Canada,EM,EM match for C6.1.5 against Health_Canada,coder_1
C6.2.1,Health_Canada,NM,NM match for C6.2.1 against Health_Canada,coder_1
C6.2.2,Health_Canada,PM,PM match for C6.2.2 against Health_Canada,coder_1
C6.2.3,Health_Canada,NM,NM match for C6.2.3 against Health_Canada,coder_1
C6.2.4,Health_Canada,PM,PM match for C6.2.4 against Health_Canada,coder_1
C6.2.5,Health_Canada,PM,PM match for C6.2.5 against Health_Canada,coder_1
C6.3.1,Health_Canada,PM,PM match for C6.3.1 against Health_Canada,coder_1
C6.3.2,Health_Canada,EM,EM match for C6.3.2 against Health_Canada,coder_1
C6.3.3,Health_Canada,EM,EM match for C6.3.3 against Health_Canada,coder_1
C6.3.4,Health_Canada,PM,PM match for C6.3.4 against Health_Canada,coder_1
C6.3.5,Health_Canada,EM,EM match for C6.3.5 against Health_Canada,coder_1
C6.4.1,Health_Canada,PM,PM match for C6.4.1 against Health_Canada,coder_1
C6.4.2,Health_Canada,PM,PM match for C6.4.2 against Health_Canada,coder_1
C6.4.3,Health_Canada,EM,EM match for C6.4.3 against Health_Canada,coder_1
C6.4.4,Health_Canada,EM,EM match for C6.4.4 against Health_Canada,coder_1
C6.4.5,Health_Canada,EM,EM match for C6.4.5 against Health_Canada,coder_1
C6.5.1,Health_Canada,EM,EM match for C6.5.1 against Health_Canada,coder_1
C6.5.2,Health_Canada,PM,PM match for C6.5.2 against Health_Canada,coder_1
C6.5.3,Health_Canada,NM,NM match for C6.5.3 against Health_Canada,coder_1
C6.5.4,Health_Canada,PM,PM match for C6.5.4 against Health_Canada,coder_1
C6.5.5,Health_Canada,PM,PM match for C6.5.5 against Health_Canada,coder_1
C6.6.1,Health_Canada,EM,EM match for C6.6.1 against Health_Canada,coder_1
C6.6.2,Health_Canada,PM,PM match for C6.6.2 against Health_Canada,coder_1
C6.6.3,Health_Canada,PM,PM match for C6.6.3 against Health_Canada,coder_1
C6.6.4,Health_Canada,EM,EM match for C6.6.4 against Health_Canada,coder_1
C6.6.5,Health_Canada,PM,PM match for C6.6.5 against Health_Canada,coder_1
C6.7.1,Health_Canada,NM,NM match for C6.7.1 against Health_Canada,coder_1
C6.7.2,Health_Canada,EM,EM match for C6.7.2 against Health_Canada,coder_1
C6.7.3,Health_Canada,PM,PM match for C6.7.3 against Health_Canada,coder_1
C6.7.4,Health_Canada,NM,NM match for C6.7.4 against Health_Canada,coder_1
C6.7.5,Health_Canada,PM,PM match for C6.7.5 against Health_Canada,coder_1
C7.1.1,Health_Canada,NM,NM match for C7.1.1 against Health_Canada,coder_1
C7.1.2,Health_Canada,NM,NM match for C7.1.2 against Health_Canada,coder_1
C7.1.3,Health_Canada,PM,PM match for C7.1.3 against Health_Canada,coder_1
C7.1.4,Health_Canada,PM,PM match for C7.1.4 against Health_Canada,coder_1
C7.1.5,Health_Canada,NM,NM match for C7.1.5 against Health_Canada,coder_1
C7.2.1,Health_Canada,NM,NM match for C7.2.1 against Health_Canada,coder_1
C7.2.2,Health_Canada,PM,PM match for C7.2.2 against Health_Canada,coder_1
C7.2.3,Health_Canada,NM,NM match for C7.2.3 against Health_Canada,coder_1
C7.2.4,Health_Canada,PM,PM match for C7.2.4 against Health_Canada,coder_1
C7.2.5,Health_Canada,NM,NM match for C7.2.5 against Health_Canada,coder_1
C7.3.1,Health_Canada,EM,EM match for C7.3.1 against Health_Canada,coder_1
C7.3.2,Health_Canada,PM,PM match for C7.3.2 against Health_Canada,coder_1
C7.3.3,Health_Canada,PM,PM match for C7.3.3 against Health_Canada,coder_1
C7.3.4,Health_Canada,NM,NM match for C7.3.4 against Health_Canada,coder_1
C7.3.5,Health_Canada,PM,PM match for C7.3.5 against Health_Canada,coder_1
C7.4.1,Health_Canada,PM,PM match for C7.4.1 against Health_Canada,coder_1
C7.4.2,Health_Canada,PM,PM match for C7.4.2 against Health_Canada,coder_1
C7.4.3,Health_Canada,NM,NM match for C7.4.3 against Health_Canada,coder_1
C7.4.4,Health_Canada,PM,PM match for C7.4.4 against Health_Canada,coder_1
C7.4.5,Health_Canada,PM,PM match for C7.4.5 against Health_Canada,coder_1
C7.5.1,Health_Canada,NM,NM match for C7.5.1 against Health_Canada,coder_1
C7.5.2,Health_Canada,PM,PM match for C7.5.2 against Health_Canada,coder_1
C7.5.3,Health_Canada,PM,PM match for C7.5.3 against Health_Canada,coder_1
C7.5.4,Health_Canada,PM,PM match for C7.5.4 against Health_Canada,coder_1
C7.5.5,Health_Canada,PM,PM match for C7.5.5 against Health_Canada,coder_1
C7.6.1,Health_Canada,PM,PM match for C7.6.1 against Health_Canada,coder_1
C7.6.2,Health_Canada,NM,NM match for C7.6.2 against Health_Canada,coder_1
C7.6.3,Health_Canada,NM,NM match for C7.6.3 against Health_Canada,coder_1
C7.6.4,Health_Canada,EM,EM match for C7.6.4 against Health_Canada,coder_1
C7.6.5,Health_Canada,PM,PM match for C7.6.5 against Health_Canada,coder_1
C7.7.1,Health_Canada,EM,EM match for C7.7.1 against Health_Canada,coder_1
C7.7.2,Health_Canada,NM,NM match for C7.7.2 against Health_Canada,coder_1
C7.7.3,Health_Canada,NM,NM match for C7.7.3 against Health_Canada,coder_1
C7.7.4,Health_Canada,EM,EM match for C7.7.4 against Health_Canada,coder_1
C7.7.5,Health_Canada,PM,PM match for C7.7.5 against Health_Canada,coder_1
C8.1.1,Health_Canada,NM,NM match for C8.1.1 against Health_Canada,coder_1
C8.1.2,Health_Canada,PM,PM match for C8.1.2 against Health_Canada,coder_1
C8.1.3,Health_Canada,PM,PM match for C8.1.3 against Health_Canada,coder_1
C8.1.4,Health_Canada,PM,PM match for C8.1.4 against Health_Canada,coder_1
C8.1.5,Health_Canada,NM,NM match for C8.1.5 against Health_Canada,coder_1
C8.2.1,Health_Canada,EM,EM match for C8.2.1 against Health_Canada,coder_1
C8.2.2,Health_Canada,EM,EM match for C8.2.2 against Health_Canada,coder_1
C8.2.3,Health_Canada,PM,PM match for C8.2.3 against Health_Canada,coder_1
C8.2.4,Health_Canada,NM,NM match for C8.2.4 against Health_Canada,coder_1
C8.2.5,Health_Canada,EM,EM match for C8.2.5 against Health_Canada,coder_1
C8.3.1,Health_Canada,NM,NM match for C8.3.1 against Health_Canada,coder_1
C8.3.2,Health_Canada,NM,NM match for C8.3.2 against Health_Canada,coder_1
C8.3.3,Health_Canada,NM,NM match for C8.3.3 against Health_Canada,coder_1
C8.3.4,Health_Canada,NM,NM match for C8.3.4 against Health_Canada,coder_1
C8.3.5,Health_Canada,NM,NM match for C8.3.5 against Health_Canada,coder_1
C8.4.1,Health_Canada,EM,EM match for C8.4.1 against Health_Canada,coder_1
C8.4.2,Health_Canada,PM,PM match for C8.4.2 against Health_Canada,coder_1
C8.4.3,Health_Canada,PM,PM match for C8.4.3 against Health_Canada,coder_1
C8.4.4,Health_Canada,NM,NM match for C8.4.4 against Health_Canada,coder_1
C8.4.5,Health_Canada,PM,PM match for C8.4.5 against Health_Canada,coder_1
C8.5.1,Health_Canada,NM,NM match for C8.5.1 against Health_Canada,coder_1
C8.5.2,Health_Canada,NM,NM match for C8.5.2 against Health_Canada,coder_1
C8.5.3,Health_Canada,NM,NM match for C8.5.3 against Health_Canada,coder_1
C8.5.4,Health_Canada,PM,PM match for C8.5.4 against Health_Canada,coder_1
C8.5.5,Health_Canada,NM,NM match for C8.5.5 against Health_Canada,coder_1
C8.6.1,Health_Canada,NM,NM match for C8.6.1 against Health_Canada,coder_1
C8.6.2,Health_Canada,EM,EM match for C8.6.2 against Health_Canada,coder_1
C8.6.3,Health_Canada,NM,NM match for C8.6.3 against Health_Canada,coder_1
C8.6.4,Health_Canada,PM,PM match for C8.6.4 against Health_Canada,coder_1
C8.6.5,Health_Canada,EM,EM match for C8.6.5 against Health_Canada,coder_1
C8.7.1,Health_Canada,EM,EM match for C8.7.1 against Health_Canada,coder_1
C8.7.2,Health_Canada,PM,PM match for C8.7.2 against Health_Canada,coder_1
C8.7.3,Health_Canada,PM,PM match for C8.7.3 against Health_Canada,coder_1
C8.7.4,Health_Canada,PM,PM match for C8.7.4 against Health_Canada,coder_1
C8.7.5,Health_Canada,PM,PM match for C8.7.5 against Health_Canada,coder_1
C8.8.1,Health_Canada,PM,PM match for C8.8.1 against Health_Canada,coder_1
C8.8.2,Health_Canada,EM,EM match for C8.8.2 against Health_Canada,coder_1
C8.8.3,Health_Canada,PM,PM match for C8.8.3 against Health_Canada,coder_1
C8.8.4,Health_Canada,NM,NM match for C8.8.4 against Health_Canada,coder_1
C8.8.5,Health_Canada,PM,PM match for C8.8.5 against Health_Canada,coder_1
C8.9.1,Health_Canada,EM,EM match for C8.9.1 against Health_Canada,coder_1
C8.9.2,Health_Canada,PM,PM match for C8.9.2 against Health_Canada,coder_1
C1.1.1,UK_MHRA,PM,PM match for C1.1.1 against UK_MHRA,coder_1
C1.1.2,UK_MHRA,NM,NM match for C1.1.2 against UK_MHRA,coder_1
C1.1.3,UK_MHRA,PM,PM match for C1.1.3 against UK_MHRA,coder_1
C1.1.4,UK_MHRA,NM,NM match for C1.1.4 against UK_MHRA,coder_1
C1.1.5,UK_MHRA,NM,NM match for C1.1.5 against UK_MHRA,coder_1
C1.2.1,UK_MHRA,EM,EM match for C1.2.1 against UK_MHRA,coder_1
C1.2.2,UK_MHRA,NM,NM match for C1.2.2 against UK_MHRA,coder_1
C1.2.3,UK_MHRA,PM,PM match for C1.2.3 against UK_MHRA,coder_1
C1.2.4,UK_MHRA,NM,NM match for C1.2.4 against UK_MHRA,coder_1
C1.2.5,UK_MHRA,EM,EM match for C1.2.5 against UK_MHRA,coder_1
C1.3.1,UK_MHRA,NM,NM match for C1.3.1 against UK_MHRA,coder_1
C1.3.2,UK_MHRA,NM,NM match for C1.3.2 against UK_MHRA,coder_1
C1.3.3,UK_MHRA,EM,EM match for C1.3.3 against UK_MHRA,coder_1
C1.3.4,UK_MHRA,NM,NM match for C1.3.4 against UK_MHRA,coder_1
C1.3.5,UK_MHRA,EM,EM match for C1.3.5 against UK_MHRA,coder_1
C1.4.1,UK_MHRA,PM,PM match for C1.4.1 against UK_MHRA,coder_1
C1.4.2,UK_MHRA,NM,NM match for C1.4.2 against UK_MHRA,coder_1
C1.4.3,UK_MHRA,EM,EM match for C1.4.3 against UK_MHRA,coder_1
C1.4.4,UK_MHRA,NM,NM match for C1.4.4 against UK_MHRA,coder_1
C1.4.5,UK_MHRA,EM,EM match for C1.4.5 against UK_MHRA,coder_1
C1.5.1,UK_MHRA,PM,PM match for C1.5.1 against UK_MHRA,coder_1
C1.5.2,UK_MHRA,PM,PM match for C1.5.2 against UK_MHRA,coder_1
C1.5.3,UK_MHRA,NM,NM match for C1.5.3 against UK_MHRA,coder_1
C1.5.4,UK_MHRA,NM,NM match for C1.5.4 against UK_MHRA,coder_1
C1.5.5,UK_MHRA,NM,NM match for C1.5.5 against UK_MHRA,coder_1
C1.6.1,UK_MHRA,PM,PM match for C1.6.1 against UK_MHRA,coder_1
C1.6.2,UK_MHRA,PM,PM match for C1.6.2 against UK_MHRA,coder_1
C1.6.3,UK_MHRA,PM,PM match for C1.6.3 against UK_MHRA,coder_1
C1.6.4,UK_MHRA,PM,PM match for C1.6.4 against UK_MHRA,coder_1
C1.6.5,UK_MHRA,EM,EM match for C1.6.5 against UK_MHRA,coder_1
C2.1.1,UK_MHRA,PM,PM match for C2.1.1 against UK_MHRA,coder_1
C2.1.2,UK_MHRA,NM,NM match for C2.1.2 against UK_MHRA,coder_1
C2.1.3,UK_MHRA,NM,NM match for C2.1.3 against UK_MHRA,coder_1
C2.1.4,UK_MHRA,NM,NM match for C2.1.4 against UK_MHRA,coder_1
C2.1.5,UK_MHRA,NM,NM match for C2.1.5 against UK_MHRA,coder_1
C2.2.1,UK_MHRA,EM,EM match for C2.2.1 against UK_MHRA,coder_1
C2.2.2,UK_MHRA,EM,EM match for C2.2.2 against UK_MHRA,coder_1
C2.2.3,UK_MHRA,NM,NM match for C2.2.3 against UK_MHRA,coder_1
C2.2.4,UK_MHRA,NM,NM match for C2.2.4 against UK_MHRA,coder_1
C2.2.5,UK_MHRA,NM,NM match for C2.2.5 against UK_MHRA,coder_1
C2.3.1,UK_MHRA,NM,NM match for C2.3.1 against UK_MHRA,coder_1
C2.3.2,UK_MHRA,PM,PM match for C2.3.2 against UK_MHRA,coder_1
C2.3.3,UK_MHRA,EM,EM match for C2.3.3 against UK_MHRA,coder_1
C2.3.4,UK_MHRA,PM,PM match for C2.3.4 against UK_MHRA,coder_1
C2.3.5,UK_MHRA,NM,NM match for C2.3.5 against UK_MHRA,coder_1
C2.4.1,UK_MHRA,EM,EM match for C2.4.1 against UK_MHRA,coder_1
C2.4.2,UK_MHRA,PM,PM match for C2.4.2 against UK_MHRA,coder_1
C2.4.3,UK_MHRA,NM,NM match for C2.4.3 against UK_MHRA,coder_1
C2.4.4,UK_MHRA,EM,EM match for C2.4.4 against UK_MHRA,coder_1
C2.4.5,UK_MHRA,EM,EM match for C2.4.5 against UK_MHRA,coder_1
C2.5.1,UK_MHRA,NM,NM match for C2.5.1 against UK_MHRA,coder_1
C2.5.2,UK_MHRA,EM,EM match for C2.5.2 against UK_MHRA,coder_1
C2.5.3,UK_MHRA,EM,EM match for C2.5.3 against UK_MHRA,coder_1
C2.5.4,UK_MHRA,PM,PM match for C2.5.4 against UK_MHRA,coder_1
C2.5.5,UK_MHRA,NM,NM match for C2.5.5 against UK_MHRA,coder_1
C2.6.1,UK_MHRA,PM,PM match for C2.6.1 against UK_MHRA,coder_1
C2.6.2,UK_MHRA,NM,NM match for C2.6.2 against UK_MHRA,coder_1
C2.6.3,UK_MHRA,PM,PM match for C2.6.3 against UK_MHRA,coder_1
C2.6.4,UK_MHRA,PM,PM match for C2.6.4 against UK_MHRA,coder_1
C2.6.5,UK_MHRA,NM,NM match for C2.6.5 against UK_MHRA,coder_1
C2.7.1,UK_MHRA,NM,NM match for C2.7.1 against UK_MHRA,coder_1
C2.7.2,UK_MHRA,PM,PM match for C2.7.2 against UK_MHRA,coder_1
C2.7.3,UK_MHRA,NM,NM match for C2.7.3 against UK_MHRA,coder_1
C2.7.4,UK_MHRA,NM,NM match for C2.7.4 against UK_MHRA,coder_1
C3.1.1,UK_MHRA,EM,EM match for C3.1.1 against UK_MHRA,coder_1
C3.1.2,UK_MHRA,PM,PM match for C3.1.2 against UK_MHRA,coder_1
C3.1.3,UK_MHRA,PM,PM match for C3.1.3 against UK_MHRA,coder_1
C3.1.4,UK_MHRA,PM,PM match for C3.1.4 against UK_MHRA,coder_1
C3.1.5,UK_MHRA,PM,PM match for C3.1.5 against UK_MHRA,coder_1
C3.2.1,UK_MHRA,NM,NM match for C3.2.1 against UK_MHRA,coder_1
C3.2.2,UK_MHRA,EM,EM match for C3.2.2 against UK_MHRA,coder_1
C3.2.3,UK_MHRA,NM,NM match for C3.2.3 against UK_MHRA,coder_1
C3.2.4,UK_MHRA,NM,NM match for C3.2.4 against UK_MHRA,coder_1
C3.2.5,UK_MHRA,PM,PM match for C3.2.5 against UK_MHRA,coder_1
C3.3.1,UK_MHRA,NM,NM match for C3.3.1 against UK_MHRA,coder_1
C3.3.2,UK_MHRA,PM,PM match for C3.3.2 against UK_MHRA,coder_1
C3.3.3,UK_MHRA,PM,PM match for C3.3.3 against UK_MHRA,coder_1
C3.3.4,UK_MHRA,NM,NM match for C3.3.4 against UK_MHRA,coder_1
C3.3.5,UK_MHRA,NM,NM match for C3.3.5 against UK_MHRA,coder_1
C3.4.1,UK_MHRA,PM,PM match for C3.4.1 against UK_MHRA,coder_1
C3.4.2,UK_MHRA,PM,PM match for C3.4.2 against UK_MHRA,coder_1
C3.4.3,UK_MHRA,PM,PM match for C3.4.3 against UK_MHRA,coder_1
C3.4.4,UK_MHRA,PM,PM match for C3.4.4 against UK_MHRA,coder_1
C3.4.5,UK_MHRA,PM,PM match for C3.4.5 against UK_MHRA,coder_1
C3.5.1,UK_MHRA,NM,NM match for C3.5.1 against UK_MHRA,coder_1
C3.5.2,UK_MHRA,PM,PM match for C3.5.2 against UK_MHRA,coder_1
C3.5.3,UK_MHRA,PM,PM match for C3.5.3 against UK_MHRA,coder_1
C3.5.4,UK_MHRA,PM,PM match for C3.5.4 against UK_MHRA,coder_1
C3.5.5,UK_MHRA,PM,PM match for C3.5.5 against UK_MHRA,coder_1
C3.6.1,UK_MHRA,EM,EM match for C3.6.1 against UK_MHRA,coder_1
C3.6.2,UK_MHRA,EM,EM match for C3.6.2 against UK_MHRA,coder_1
C3.6.3,UK_MHRA,PM,PM match for C3.6.3 against UK_MHRA,coder_1
C3.6.4,UK_MHRA,PM,PM match for C3.6.4 against UK_MHRA,coder_1
C3.6.5,UK_MHRA,PM,PM match for C3.6.5 against UK_MHRA,coder_1
C3.7.1,UK_MHRA,PM,PM match for C3.7.1 against UK_MHRA,coder_1
C3.7.2,UK_MHRA,EM,EM match for C3.7.2 against UK_MHRA,coder_1
C3.7.3,UK_MHRA,PM,PM match for C3.7.3 against UK_MHRA,coder_1
C3.7.4,UK_MHRA,PM,PM match for C3.7.4 against UK_MHRA,coder_1
C3.7.5,UK_MHRA,PM,PM match for C3.7.5 against UK_MHRA,coder_1
C4.1.1,UK_MHRA,NM,NM match for C4.1.1 against UK_MHRA,coder_1
C4.1.2,UK_MHRA,NM,NM match for C4.1.2 against UK_MHRA,coder_1
C4.1.3,UK_MHRA,EM,EM match for C4.1.3 against UK_MHRA,coder_1
C4.1.4,UK_MHRA,NM,NM match for C4.1.4 against UK_MHRA,coder_1
C4.1.5,UK_MHRA,PM,PM match for C4.1.5 against UK_MHRA,coder_1
C4.2.1,UK_MHRA,PM,PM match for C4.2.1 against UK_MHRA,coder_1
C4.2.2,UK_MHRA,PM,PM match for C4.2.2 against UK_MHRA,coder_1
C4.2.3,UK_MHRA,NM,NM match for C4.2.3 against UK_MHRA,coder_1
C4.2.4,UK_MHRA,NM,NM match for C4.2.4 against UK_MHRA,coder_1
C4.2.5,UK_MHRA,NM,NM match for C4.2.5 against UK_MHRA,coder_1
C4.3.1,UK_MHRA,NM,NM match for C4.3.1 against UK_MHRA,coder_1
C4.3.2,UK_MHRA,EM,EM match for C4.3.2 against UK_MHRA,coder_1
C4.3.3,UK_MHRA,PM,PM match for C4.3.3 against UK_MHRA,coder_1
C4.3.4,UK_MHRA,NM,NM match for C4.3.4 against UK_MHRA,coder_1
C4.3.5,UK_MHRA,NM,NM match for C4.3.5 against UK_MHRA,coder_1
C4.4.1,UK_MHRA,EM,EM match for C4.4.1 against UK_MHRA,coder_1
C4.4.2,UK_MHRA,NM,NM match for C4.4.2 against UK_MHRA,coder_1
C4.4.3,UK_MHRA,EM,EM match for C4.4.3 against UK_MHRA,coder_1
C4.4.4,UK_MHRA,PM,PM match for C4.4.4 against UK_MHRA,coder_1
C4.4.5,UK_MHRA,NM,NM match for C4.4.5 against UK_MHRA,coder_1
C4.5.1,UK_MHRA,PM,PM match for C4.5.1 against UK_MHRA,coder_1
C4.5.2,UK_MHRA,NM,NM match for C4.5.2 against UK_MHRA,coder_1
C4.5.3,UK_MHRA,EM,EM match for C4.5.3 against UK_MHRA,coder_1
C4.5.4,UK_MHRA,PM,PM match for C4.5.4 against UK_MHRA,coder_1
C4.5.5,UK_MHRA,PM,PM match for C4.5.5 against UK_MHRA,coder_1
C4.6.1,UK_MHRA,PM,PM match for C4.6.1 against UK_MHRA,coder_1
C4.6.2,UK_MHRA,NM,NM match for C4.6.2 against UK_MHRA,coder_1
C4.6.3,UK_MHRA,PM,PM match for C4.6.3 against UK_MHRA,coder_1
C4.6.4,UK_MHRA,PM,PM match for C4.6.4 against UK_MHRA,coder_1
C4.6.5,UK_MHRA,EM,EM match for C4.6.5 against UK_MHRA,coder_1
C4.7.1,UK_MHRA,NM,NM match for C4.7.1 against UK_MHRA,coder_1
C4.7.2,UK_MHRA,PM,PM match for C4.7.2 against UK_MHRA,coder_1
C4.7.3,UK_MHRA,NM,NM match for C4.7.3 against UK_MHRA,coder_1
C4.7.4,UK_MHRA,EM,EM match for C4.7.4 against UK_MHRA,coder_1
C4.7.5,UK_MHRA,NM,NM match for C4.7.5 against UK_MHRA,coder_1
C4.8.1,UK_MHRA,NM,NM match for C4.8.1 against UK_MHRA,coder_1
C4.8.2,UK_MHRA,EM,EM match for C4.8.2 against UK_MHRA,coder_1
C4.8.3,UK_MHRA,PM,PM match for C4.8.3 against UK_MHRA,coder_1
C5.1.1,UK_MHRA,NM,NM match for C5.1.1 against UK_MHRA,coder_1
C5.1.2,UK_MHRA,NM,NM match for C5.1.2 against UK_MHRA,coder_1
C5.1.3,UK_MHRA,PM,PM match for C5.1.3 against UK_MHRA,coder_1
C5.1.4,UK_MHRA,NM,NM match for C5.1.4 against UK_MHRA,coder_1
C5.1.5,UK_MHRA,PM,PM match for C5.1.5 against UK_MHRA,coder_1
C5.2.1,UK_MHRA,PM,PM match for C5.2.1 against UK_MHRA,coder_1
C5.2.2,UK_MHRA,PM,PM match for C5.2.2 against UK_MHRA,coder_1
C5.2.3,UK_MHRA,PM,PM match for C5.2.3 against UK_MHRA,coder_1
C5.2.4,UK_MHRA,NM,NM match for C5.2.4 against UK_MHRA,coder_1
C5.2.5,UK_MHRA,PM,PM match for C5.2.5 against UK_MHRA,coder_1
C5.3.1,UK_MHRA,NM,NM match for C5.3.1 against UK_MHRA,coder_1
C5.3.2,UK_MHRA,PM,PM match for C5.3.2 against UK_MHRA,coder_1
C5.3.3,UK_MHRA,PM,PM match for C5.3.3 against UK_MHRA,coder_1
C5.3.4,UK_MHRA,NM,NM match for C5.3.4 against UK_MHRA,coder_1
C5.3.5,UK_MHRA,NM,NM match for C5.3.5 against UK_MHRA,coder_1
C5.4.1,UK_MHRA,NM,NM match for C5.4.1 against UK_MHRA,coder_1
C5.4.2,UK_MHRA,NM,NM match for C5.4.2 against UK_MHRA,coder_1
C5.4.3,UK_MHRA,NM,NM match for C5.4.3 against UK_MHRA,coder_1
C5.4.4,UK_MHRA,PM,PM match for C5.4.4 against UK_MHRA,coder_1
C5.4.5,UK_MHRA,EM,EM match for C5.4.5 against UK_MHRA,coder_1
C5.5.1,UK_MHRA,PM,PM match for C5.5.1 against UK_MHRA,coder_1
C5.5.2,UK_MHRA,EM,EM match for C5.5.2 against UK_MHRA,coder_1
C5.5.3,UK_MHRA,NM,NM match for C5.5.3 against UK_MHRA,coder_1
C5.5.4,UK_MHRA,EM,EM match for C5.5.4 against UK_MHRA,coder_1
C5.5.5,UK_MHRA,NM,NM match for C5.5.5 against UK_MHRA,coder_1
C5.6.1,UK_MHRA,EM,EM match for C5.6.1 against UK_MHRA,coder_1
C5.6.2,UK_MHRA,EM,EM match for C5.6.2 against UK_MHRA,coder_1
C5.6.3,UK_MHRA,PM,PM match for C5.6.3 against UK_MHRA,coder_1
C5.6.4,UK_MHRA,PM,PM match for C5.6.4 against UK_MHRA,coder_1
C5.6.5,UK_MHRA,PM,PM match for C5.6.5 against UK_MHRA,coder_1
C6.1.1,UK_MHRA,PM,PM match for C6.1.1 against UK_MHRA,coder_1
C6.1.2,UK_MHRA,NM,NM match for C6.1.2 against UK_MHRA,coder_1
C6.1.3,UK_MHRA,NM,NM match for C6.1.3 against UK_MHRA,coder_1
C6.1.4,UK_MHRA,EM,EM match for C6.1.4 against UK_MHRA,coder_1
C6.1.5,UK_MHRA,NM,NM match for C6.1.5 against UK_MHRA,coder_1
C6.2.1,UK_MHRA,PM,PM match for C6.2.1 against UK_MHRA,coder_1
C6.2.2,UK_MHRA,PM,PM match for C6.2.2 against UK_MHRA,coder_1
C6.2.3,UK_MHRA,PM,PM match for C6.2.3 against UK_MHRA,coder_1
C6.2.4,UK_MHRA,NM,NM match for C6.2.4 against UK_MHRA,coder_1
C6.2.5,UK_MHRA,PM,PM match for C6.2.5 against UK_MHRA,coder_1
C6.3.1,UK_MHRA,NM,NM match for C6.3.1 against UK_MHRA,coder_1
C6.3.2,UK_MHRA,PM,PM match for C6.3.2 against UK_MHRA,coder_1
C6.3.3,UK_MHRA,PM,PM match for C6.3.3 against UK_MHRA,coder_1
C6.3.4,UK_MHRA,PM,PM match for C6.3.4 against UK_MHRA,coder_1
C6.3.5,UK_MHRA,PM,PM match for C6.3.5 against UK_MHRA,coder_1
C6.4.1,UK_MHRA,PM,PM match for C6.4.1 against UK_MHRA,coder_1
C6.4.2,UK_MHRA,NM,NM match for C6.4.2 against UK_MHRA,coder_1
C6.4.3,UK_MHRA,PM,PM match for C6.4.3 against UK_MHRA,coder_1
C6.4.4,UK_MHRA,PM,PM match for C6.4.4 against UK_MHRA,coder_1
C6.4.5,UK_MHRA,PM,PM match for C6.4.5 against UK_MHRA,coder_1
C6.5.1,UK_MHRA,NM,NM match for C6.5.1 against UK_MHRA,coder_1
C6.5.2,UK_MHRA,PM,PM match for C6.5.2 against UK_MHRA,coder_1
C6.5.3,UK_MHRA,EM,EM match for C6.5.3 against UK_MHRA,coder_1
C6.5.4,UK_MHRA,NM,NM match for C6.5.4 against UK_MHRA,coder_1
C6.5.5,UK_MHRA,PM,PM match for C6.5.5 against UK_MHRA,coder_1
C6.6.1,UK_MHRA,NM,NM match for C6.6.1 against UK_MHRA,coder_1
C6.6.2,UK_MHRA,EM,EM match for C6.6.2 against UK_MHRA,coder_1
C6.6.3,UK_MHRA,NM,NM match for C6.6.3 against UK_MHRA,coder_1
C6.6.4,UK_MHRA,NM,NM match for C6.6.4 against UK_MHRA,coder_1
C6.6.5,UK_MHRA,NM,NM match for C6.6.5 against UK_MHRA,coder_1
C6.7.1,UK_MHRA,PM,PM match for C6.7.1 against UK_MHRA,coder_1
C6.7.2,UK_MHRA,EM,EM match for C6.7.2 against UK_MHRA,coder_1
C6.7.3,UK_MHRA,NM,NM match for C6.7.3 against UK_MHRA,coder_1
C6.7.4,UK_MHRA,PM,PM match for C6.7.4 against UK_MHRA,coder_1
C6.7.5,UK_MHRA,EM,EM match for C6.7.5 against UK_MHRA,coder_1
C7.1.1,UK_MHRA,EM,EM match for C7.1.1 against UK_MHRA,coder_1
C7.1.2,UK_MHRA,NM,NM match for C7.1.2 against UK_MHRA,coder_1
C7.1.3,UK_MHRA,PM,PM match for C7.1.3 against UK_MHRA,coder_1
C7.1.4,UK_MHRA,NM,NM match for C7.1.4 against UK_MHRA,coder_1
C7.1.5,UK_MHRA,NM,NM match for C7.1.5 against UK_MHRA,coder_1
C7.2.1,UK_MHRA,PM,PM match for C7.2.1 against UK_MHRA,coder_1
C7.2.2,UK_MHRA,PM,PM match for C7.2.2 against UK_MHRA,coder_1
C7.2.3,UK_MHRA,PM,PM match for C7.2.3 against UK_MHRA,coder_1
C7.2.4,UK_MHRA,PM,PM match for C7.2.4 against UK_MHRA,coder_1
C7.2.5,UK_MHRA,NM,NM match for C7.2.5 against UK_MHRA,coder_1
C7.3.1,UK_MHRA,PM,PM match for C7.3.1 against UK_MHRA,coder_1
C7.3.2,UK_MHRA,NM,NM match for C7.3.2 against UK_MHRA,coder_1
C7.3.3,UK_MHRA,EM,EM match for C7.3.3 against UK_MHRA,coder_1
C7.3.4,UK_MHRA,PM,PM match for C7.3.4 against UK_MHRA,coder_1
C7.3.5,UK_MHRA,NM,NM match for C7.3.5 against UK_MHRA,coder_1
C7.4.1,UK_MHRA,PM,PM match for C7.4.1 against UK_MHRA,coder_1
C7.4.2,UK_MHRA,NM,NM match for C7.4.2 against UK_MHRA,coder_1
C7.4.3,UK_MHRA,NM,NM match for C7.4.3 against UK_MHRA,coder_1
C7.4.4,UK_MHRA,PM,PM match for C7.4.4 against UK_MHRA,coder_1
C7.4.5,UK_MHRA,PM,PM match for C7.4.5 against UK_MHRA,coder_1
C7.5.1,UK_MHRA,EM,EM match for C7.5.1 against UK_MHRA,coder_1
C7.5.2,UK_MHRA,EM,EM match for C7.5.2 against UK_MHRA,coder_1
C7.5.3,UK_MHRA,NM,NM match for C7.5.3 against UK_MHRA,coder_1
C7.5.4,UK_MHRA,EM,EM match for C7.5.4 against UK_MHRA,coder_1
C7.5.5,UK_MHRA,PM,PM match for C7.5.5 against UK_MHRA,coder_1
C7.6.1,UK_MHRA,NM,NM match for C7.6.1 against UK_MHRA,coder_1
C7.6.2,UK_MHRA,EM,EM match for C7.6.2 against UK_MHRA,coder_1
C7.6.3,UK_MHRA,PM,PM match for C7.6.3 against UK_MHRA,coder_1
C7.6.4,UK_MHRA,EM,EM match for C7.6.4 against UK_MHRA,coder_1
C7.6.5,UK_MHRA,PM,PM match for C7.6.5 against UK_MHRA,coder_1
C7.7.1,UK_MHRA,PM,PM match for C7.7.1 against UK_MHRA,coder_1
C7.7.2,UK_MHRA,PM,PM match for C7.7.2 against UK_MHRA,coder_1
C7.7.3,UK_MHRA,NM,NM match for C7.7.3 against UK_MHRA,coder_1
C7.7.4,UK_MHRA,NM,NM match for C7.7.4 against UK_MHRA,coder_1
C7.7.5,UK_MHRA,EM,EM match for C7.7.5 against UK_MHRA,coder_1
C8.1.1,UK_MHRA,PM,PM match for C8.1.1 against UK_MHRA,coder_1
C8.1.2,UK_MHRA,PM,PM match for C8.1.2 against UK_MHRA,coder_1
C8.1.3,UK_MHRA,PM,PM match for C8.1.3 against UK_MHRA,coder_1
C8.1.4,UK_MHRA,NM,NM match for C8.1.4 against UK_MHRA,coder_1
C8.1.5,UK_MHRA,NM,NM match for C8.1.5 against UK_MHRA,coder_1
C8.2.1,UK_MHRA,NM,NM match for C8.2.1 against UK_MHRA,coder_1
C8.2.2,UK_MHRA,PM,PM match for C8.2.2 against UK_MHRA,coder_1
C8.2.3,UK_MHRA,PM,PM match for C8.2.3 against UK_MHRA,coder_1
C8.2.4,UK_MHRA,NM,NM match for C8.2.4 against UK_MHRA,coder_1
C8.2.5,UK_MHRA,PM,PM match for C8.2.5 against UK_MHRA,coder_1
C8.3.1,UK_MHRA,EM,EM match for C8.3.1 against UK_MHRA,coder_1
C8.3.2,UK_MHRA,NM,NM match for C8.3.2 against UK_MHRA,coder_1
C8.3.3,UK_MHRA,NM,NM match for C8.3.3 against UK_MHRA,coder_1
C8.3.4,UK_MHRA,NM,NM match for C8.3.4 against UK_MHRA,coder_1
C8.3.5,UK_MHRA,NM,NM match for C8.3.5 against UK_MHRA,coder_1
C8.4.1,UK_MHRA,PM,PM match for C8.4.1 against UK_MHRA,coder_1
C8.4.2,UK_MHRA,NM,NM match for C8.4.2 against UK_MHRA,coder_1
C8.4.3,UK_MHRA,EM,EM match for C8.4.3 against UK_MHRA,coder_1
C8.4.4,UK_MHRA,PM,PM match for C8.4.4 against UK_MHRA,coder_1
C8.4.5,UK_MHRA,PM,PM match for C8.4.5 against UK_MHRA,coder_1
C8.5.1,UK_MHRA,PM,PM match for C8.5.1 against UK_MHRA,coder_1
C8.5.2,UK_MHRA,PM,PM match for C8.5.2 against UK_MHRA,coder_1
C8.5.3,UK_MHRA,PM,PM match for C8.5.3 against UK_MHRA,coder_1
C8.5.4,UK_MHRA,NM,NM match for C8.5.4 against UK_MHRA,coder_1
C8.5.5,UK_MHRA,PM,PM match for C8.5.5 against UK_MHRA,coder_1
C8.6.1,UK_MHRA,NM,NM match for C8.6.1 against UK_MHRA,coder_1
C8.6.2,UK_MHRA,NM,NM match for C8.6.2 against UK_MHRA,coder_1
C8.6.3,UK_MHRA,NM,NM match for C8.6.3 against UK_MHRA,coder_1
C8.6.4,UK_MHRA,NM,NM match for C8.6.4 against UK_MHRA,coder_1
C8.6.5,UK_MHRA,NM,NM match for C8.6.5 against UK_MHRA,coder_1
C8.7.1,UK_MHRA,NM,NM match for C8.7.1 against UK_MHRA,coder_1
C8.7.2,UK_MHRA,NM,NM match for C8.7.2 against UK_MHRA,coder_1
C8.7.3,UK_MHRA,PM,PM match for C8.7.3 against UK_MHRA,coder_1
C8.7.4,UK_MHRA,PM,PM match for C8.7.4 against UK_MHRA,coder_1
C8.7.5,UK_MHRA,NM,NM match for C8.7.5 against UK_MHRA,coder_1
C8.8.1,UK_MHRA,PM,PM match for C8.8.1 against UK_MHRA,coder_1
C8.8.2,UK_MHRA,PM,PM match for C8.8.2 against UK_MHRA,coder_1
C8.8.3,UK_MHRA,EM,EM match for C8.8.3 against UK_MHRA,coder_1
C8.8.4,UK_MHRA,EM,EM match for C8.8.4 against UK_MHRA,coder_1
C8.8.5,UK_MHRA,NM,NM match for C8.8.5 against UK_MHRA,coder_1
C8.9.1,UK_MHRA,NM,NM match for C8.9.1 against UK_MHRA,coder_1
C8.9.2,UK_MHRA,NM,NM match for C8.9.2 against UK_MHRA,coder_1
C1.1.1,NIST_AI_RMF,EM,EM match for C1.1.1 against NIST_AI_RMF,coder_1
C1.1.2,NIST_AI_RMF,EM,EM match for C1.1.2 against NIST_AI_RMF,coder_1
C1.1.3,NIST_AI_RMF,PM,PM match for C1.1.3 against NIST_AI_RMF,coder_1
C1.1.4,NIST_AI_RMF,PM,PM match for C1.1.4 against NIST_AI_RMF,coder_1
C1.1.5,NIST_AI_RMF,PM,PM match for C1.1.5 against NIST_AI_RMF,coder_1
C1.2.1,NIST_AI_RMF,EM,EM match for C1.2.1 against NIST_AI_RMF,coder_1
C1.2.2,NIST_AI_RMF,PM,PM match for C1.2.2 against NIST_AI_RMF,coder_1
C1.2.3,NIST_AI_RMF,EM,EM match for C1.2.3 against NIST_AI_RMF,coder_1
C1.2.4,NIST_AI_RMF,EM,EM match for C1.2.4 against NIST_AI_RMF,coder_1
C1.2.5,NIST_AI_RMF,PM,PM match for C1.2.5 against NIST_AI_RMF,coder_1
C1.3.1,NIST_AI_RMF,PM,PM match for C1.3.1 against NIST_AI_RMF,coder_1
C1.3.2,NIST_AI_RMF,EM,EM match for C1.3.2 against NIST_AI_RMF,coder_1
C1.3.3,NIST_AI_RMF,PM,PM match for C1.3.3 against NIST_AI_RMF,coder_1
C1.3.4,NIST_AI_RMF,EM,EM match for C1.3.4 against NIST_AI_RMF,coder_1
C1.3.5,NIST_AI_RMF,NM,NM match for C1.3.5 against NIST_AI_RMF,coder_1
C1.4.1,NIST_AI_RMF,NM,NM match for C1.4.1 against NIST_AI_RMF,coder_1
C1.4.2,NIST_AI_RMF,EM,EM match for C1.4.2 against NIST_AI_RMF,coder_1
C1.4.3,NIST_AI_RMF,PM,PM match for C1.4.3 against NIST_AI_RMF,coder_1
C1.4.4,NIST_AI_RMF,EM,EM match for C1.4.4 against NIST_AI_RMF,coder_1
C1.4.5,NIST_AI_RMF,PM,PM match for C1.4.5 against NIST_AI_RMF,coder_1
C1.5.1,NIST_AI_RMF,PM,PM match for C1.5.1 against NIST_AI_RMF,coder_1
C1.5.2,NIST_AI_RMF,NM,NM match for C1.5.2 against NIST_AI_RMF,coder_1
C1.5.3,NIST_AI_RMF,PM,PM match for C1.5.3 against NIST_AI_RMF,coder_1
C1.5.4,NIST_AI_RMF,EM,EM match for C1.5.4 against NIST_AI_RMF,coder_1
C1.5.5,NIST_AI_RMF,PM,PM match for C1.5.5 against NIST_AI_RMF,coder_1
C1.6.1,NIST_AI_RMF,EM,EM match for C1.6.1 against NIST_AI_RMF,coder_1
C1.6.2,NIST_AI_RMF,PM,PM match for C1.6.2 against NIST_AI_RMF,coder_1
C1.6.3,NIST_AI_RMF,PM,PM match for C1.6.3 against NIST_AI_RMF,coder_1
C1.6.4,NIST_AI_RMF,EM,EM match for C1.6.4 against NIST_AI_RMF,coder_1
C1.6.5,NIST_AI_RMF,NM,NM match for C1.6.5 against NIST_AI_RMF,coder_1
C2.1.1,NIST_AI_RMF,PM,PM match for C2.1.1 against NIST_AI_RMF,coder_1
C2.1.2,NIST_AI_RMF,PM,PM match for C2.1.2 against NIST_AI_RMF,coder_1
C2.1.3,NIST_AI_RMF,PM,PM match for C2.1.3 against NIST_AI_RMF,coder_1
C2.1.4,NIST_AI_RMF,PM,PM match for C2.1.4 against NIST_AI_RMF,coder_1
C2.1.5,NIST_AI_RMF,EM,EM match for C2.1.5 against NIST_AI_RMF,coder_1
C2.2.1,NIST_AI_RMF,PM,PM match for C2.2.1 against NIST_AI_RMF,coder_1
C2.2.2,NIST_AI_RMF,EM,EM match for C2.2.2 against NIST_AI_RMF,coder_1
C2.2.3,NIST_AI_RMF,EM,EM match for C2.2.3 against NIST_AI_RMF,coder_1
C2.2.4,NIST_AI_RMF,PM,PM match for C2.2.4 against NIST_AI_RMF,coder_1
C2.2.5,NIST_AI_RMF,EM,EM match for C2.2.5 against NIST_AI_RMF,coder_1
C2.3.1,NIST_AI_RMF,NM,NM match for C2.3.1 against NIST_AI_RMF,coder_1
C2.3.2,NIST_AI_RMF,EM,EM match for C2.3.2 against NIST_AI_RMF,coder_1
C2.3.3,NIST_AI_RMF,EM,EM match for C2.3.3 against NIST_AI_RMF,coder_1
C2.3.4,NIST_AI_RMF,PM,PM match for C2.3.4 against NIST_AI_RMF,coder_1
C2.3.5,NIST_AI_RMF,PM,PM match for C2.3.5 against NIST_AI_RMF,coder_1
C2.4.1,NIST_AI_RMF,EM,EM match for C2.4.1 against NIST_AI_RMF,coder_1
C2.4.2,NIST_AI_RMF,PM,PM match for C2.4.2 against NIST_AI_RMF,coder_1
C2.4.3,NIST_AI_RMF,EM,EM match for C2.4.3 against NIST_AI_RMF,coder_1
C2.4.4,NIST_AI_RMF,EM,EM match for C2.4.4 against NIST_AI_RMF,coder_1
C2.4.5,NIST_AI_RMF,PM,PM match for C2.4.5 against NIST_AI_RMF,coder_1
C2.5.1,NIST_AI_RMF,PM,PM match for C2.5.1 against NIST_AI_RMF,coder_1
C2.5.2,NIST_AI_RMF,EM,EM match for C2.5.2 against NIST_AI_RMF,coder_1
C2.5.3,NIST_AI_RMF,PM,PM match for C2.5.3 against NIST_AI_RMF,coder_1
C2.5.4,NIST_AI_RMF,EM,EM match for C2.5.4 against NIST_AI_RMF,coder_1
C2.5.5,NIST_AI_RMF,EM,EM match for C2.5.5 against NIST_AI_RMF,coder_1
C2.6.1,NIST_AI_RMF,PM,PM match for C2.6.1 against NIST_AI_RMF,coder_1
C2.6.2,NIST_AI_RMF,PM,PM match for C2.6.2 against NIST_AI_RMF,coder_1
C2.6.3,NIST_AI_RMF,PM,PM match for C2.6.3 against NIST_AI_RMF,coder_1
C2.6.4,NIST_AI_RMF,EM,EM match for C2.6.4 against NIST_AI_RMF,coder_1
C2.6.5,NIST_AI_RMF,PM,PM match for C2.6.5 against NIST_AI_RMF,coder_1
C2.7.1,NIST_AI_RMF,EM,EM match for C2.7.1 against NIST_AI_RMF,coder_1
C2.7.2,NIST_AI_RMF,PM,PM match for C2.7.2 against NIST_AI_RMF,coder_1
C2.7.3,NIST_AI_RMF,EM,EM match for C2.7.3 against NIST_AI_RMF,coder_1
C2.7.4,NIST_AI_RMF,EM,EM match for C2.7.4 against NIST_AI_RMF,coder_1
C3.1.1,NIST_AI_RMF,EM,EM match for C3.1.1 against NIST_AI_RMF,coder_1
C3.1.2,NIST_AI_RMF,PM,PM match for C3.1.2 against NIST_AI_RMF,coder_1
C3.1.3,NIST_AI_RMF,EM,EM match for C3.1.3 against NIST_AI_RMF,coder_1
C3.1.4,NIST_AI_RMF,EM,EM match for C3.1.4 against NIST_AI_RMF,coder_1
C3.1.5,NIST_AI_RMF,EM,EM match for C3.1.5 against NIST_AI_RMF,coder_1
C3.2.1,NIST_AI_RMF,PM,PM match for C3.2.1 against NIST_AI_RMF,coder_1
C3.2.2,NIST_AI_RMF,EM,EM match for C3.2.2 against NIST_AI_RMF,coder_1
C3.2.3,NIST_AI_RMF,EM,EM match for C3.2.3 against NIST_AI_RMF,coder_1
C3.2.4,NIST_AI_RMF,EM,EM match for C3.2.4 against NIST_AI_RMF,coder_1
C3.2.5,NIST_AI_RMF,NM,NM match for C3.2.5 against NIST_AI_RMF,coder_1
C3.3.1,NIST_AI_RMF,EM,EM match for C3.3.1 against NIST_AI_RMF,coder_1
C3.3.2,NIST_AI_RMF,PM,PM match for C3.3.2 against NIST_AI_RMF,coder_1
C3.3.3,NIST_AI_RMF,PM,PM match for C3.3.3 against NIST_AI_RMF,coder_1
C3.3.4,NIST_AI_RMF,EM,EM match for C3.3.4 against NIST_AI_RMF,coder_1
C3.3.5,NIST_AI_RMF,PM,PM match for C3.3.5 against NIST_AI_RMF,coder_1
C3.4.1,NIST_AI_RMF,EM,EM match for C3.4.1 against NIST_AI_RMF,coder_1
C3.4.2,NIST_AI_RMF,PM,PM match for C3.4.2 against NIST_AI_RMF,coder_1
C3.4.3,NIST_AI_RMF,PM,PM match for C3.4.3 against NIST_AI_RMF,coder_1
C3.4.4,NIST_AI_RMF,NM,NM match for C3.4.4 against NIST_AI_RMF,coder_1
C3.4.5,NIST_AI_RMF,PM,PM match for C3.4.5 against NIST_AI_RMF,coder_1
C3.5.1,NIST_AI_RMF,NM,NM match for C3.5.1 against NIST_AI_RMF,coder_1
C3.5.2,NIST_AI_RMF,PM,PM match for C3.5.2 against NIST_AI_RMF,coder_1
C3.5.3,NIST_AI_RMF,PM,PM match for C3.5.3 against NIST_AI_RMF,coder_1
C3.5.4,NIST_AI_RMF,PM,PM match for C3.5.4 against NIST_AI_RMF,coder_1
C3.5.5,NIST_AI_RMF,EM,EM match for C3.5.5 against NIST_AI_RMF,coder_1
C3.6.1,NIST_AI_RMF,EM,EM match for C3.6.1 against NIST_AI_RMF,coder_1
C3.6.2,NIST_AI_RMF,PM,PM match for C3.6.2 against NIST_AI_RMF,coder_1
C3.6.3,NIST_AI_RMF,NM,NM match for C3.6.3 against NIST_AI_RMF,coder_1
C3.6.4,NIST_AI_RMF,PM,PM match for C3.6.4 against NIST_AI_RMF,coder_1
C3.6.5,NIST_AI_RMF,EM,EM match for C3.6.5 against NIST_AI_RMF,coder_1
C3.7.1,NIST_AI_RMF,EM,EM match for C3.7.1 against NIST_AI_RMF,coder_1
C3.7.2,NIST_AI_RMF,NM,NM match for C3.7.2 against NIST_AI_RMF,coder_1
C3.7.3,NIST_AI_RMF,NM,NM match for C3.7.3 against NIST_AI_RMF,coder_1
C3.7.4,NIST_AI_RMF,EM,EM match for C3.7.4 against NIST_AI_RMF,coder_1
C3.7.5,NIST_AI_RMF,PM,PM match for C3.7.5 against NIST_AI_RMF,coder_1
C4.1.1,NIST_AI_RMF,EM,EM match for C4.1.1 against NIST_AI_RMF,coder_1
C4.1.2,NIST_AI_RMF,PM,PM match for C4.1.2 against NIST_AI_RMF,coder_1
C4.1.3,NIST_AI_RMF,PM,PM match for C4.1.3 against NIST_AI_RMF,coder_1
C4.1.4,NIST_AI_RMF,EM,EM match for C4.1.4 against NIST_AI_RMF,coder_1
C4.1.5,NIST_AI_RMF,EM,EM match for C4.1.5 against NIST_AI_RMF,coder_1
C4.2.1,NIST_AI_RMF,PM,PM match for C4.2.1 against NIST_AI_RMF,coder_1
C4.2.2,NIST_AI_RMF,EM,EM match for C4.2.2 against NIST_AI_RMF,coder_1
C4.2.3,NIST_AI_RMF,EM,EM match for C4.2.3 against NIST_AI_RMF,coder_1
C4.2.4,NIST_AI_RMF,PM,PM match for C4.2.4 against NIST_AI_RMF,coder_1
C4.2.5,NIST_AI_RMF,EM,EM match for C4.2.5 against NIST_AI_RMF,coder_1
C4.3.1,NIST_AI_RMF,PM,PM match for C4.3.1 against NIST_AI_RMF,coder_1
C4.3.2,NIST_AI_RMF,PM,PM match for C4.3.2 against NIST_AI_RMF,coder_1
C4.3.3,NIST_AI_RMF,EM,EM match for C4.3.3 against NIST_AI_RMF,coder_1
C4.3.4,NIST_AI_RMF,EM,EM match for C4.3.4 against NIST_AI_RMF,coder_1
C4.3.5,NIST_AI_RMF,PM,PM match for C4.3.5 against NIST_AI_RMF,coder_1
C4.4.1,NIST_AI_RMF,EM,EM match for C4.4.1 against NIST_AI_RMF,coder_1
C4.4.2,NIST_AI_RMF,PM,PM match for C4.4.2 against NIST_AI_RMF,coder_1
C4.4.3,NIST_AI_RMF,EM,EM match for C4.4.3 against NIST_AI_RMF,coder_1
C4.4.4,NIST_AI_RMF,EM,EM match for C4.4.4 against NIST_AI_RMF,coder_1
C4.4.5,NIST_AI_RMF,PM,PM match for C4.4.5 against NIST_AI_RMF,coder_1
C4.5.1,NIST_AI_RMF,PM,PM match for C4.5.1 against NIST_AI_RMF,coder_1
C4.5.2,NIST_AI_RMF,EM,EM match for C4.5.2 against NIST_AI_RMF,coder_1
C4.5.3,NIST_AI_RMF,NM,NM match for C4.5.3 against NIST_AI_RMF,coder_1
C4.5.4,NIST_AI_RMF,PM,PM match for C4.5.4 against NIST_AI_RMF,coder_1
C4.5.5,NIST_AI_RMF,NM,NM match for C4.5.5 against NIST_AI_RMF,coder_1
C4.6.1,NIST_AI_RMF,EM,EM match for C4.6.1 against NIST_AI_RMF,coder_1
C4.6.2,NIST_AI_RMF,EM,EM match for C4.6.2 against NIST_AI_RMF,coder_1
C4.6.3,NIST_AI_RMF,PM,PM match for C4.6.3 against NIST_AI_RMF,coder_1
C4.6.4,NIST_AI_RMF,EM,EM match for C4.6.4 against NIST_AI_RMF,coder_1
C4.6.5,NIST_AI_RMF,EM,EM match for C4.6.5 against NIST_AI_RMF,coder_1
C4.7.1,NIST_AI_RMF,PM,PM match for C4.7.1 against NIST_AI_RMF,coder_1
C4.7.2,NIST_AI_RMF,PM,PM match for C4.7.2 against NIST_AI_RMF,coder_1
C4.7.3,NIST_AI_RMF,PM,PM match for C4.7.3 against NIST_AI_RMF,coder_1
C4.7.4,NIST_AI_RMF,EM,EM match for C4.7.4 against NIST_AI_RMF,coder_1
C4.7.5,NIST_AI_RMF,PM,PM match for C4.7.5 against NIST_AI_RMF,coder_1
C4.8.1,NIST_AI_RMF,EM,EM match for C4.8.1 against NIST_AI_RMF,coder_1
C4.8.2,NIST_AI_RMF,PM,PM match for C4.8.2 against NIST_AI_RMF,coder_1
C4.8.3,NIST_AI_RMF,EM,EM match for C4.8.3 against NIST_AI_RMF,coder_1
C5.1.1,NIST_AI_RMF,NM,NM match for C5.1.1 against NIST_AI_RMF,coder_1
C5.1.2,NIST_AI_RMF,PM,PM match for C5.1.2 against NIST_AI_RMF,coder_1
C5.1.3,NIST_AI_RMF,PM,PM match for C5.1.3 against NIST_AI_RMF,coder_1
C5.1.4,NIST_AI_RMF,NM,NM match for C5.1.4 against NIST_AI_RMF,coder_1
C5.1.5,NIST_AI_RMF,PM,PM match for C5.1.5 against NIST_AI_RMF,coder_1
C5.2.1,NIST_AI_RMF,EM,EM match for C5.2.1 against NIST_AI_RMF,coder_1
C5.2.2,NIST_AI_RMF,PM,PM match for C5.2.2 against NIST_AI_RMF,coder_1
C5.2.3,NIST_AI_RMF,EM,EM match for C5.2.3 against NIST_AI_RMF,coder_1
C5.2.4,NIST_AI_RMF,EM,EM match for C5.2.4 against NIST_AI_RMF,coder_1
C5.2.5,NIST_AI_RMF,NM,NM match for C5.2.5 against NIST_AI_RMF,coder_1
C5.3.1,NIST_AI_RMF,PM,PM match for C5.3.1 against NIST_AI_RMF,coder_1
C5.3.2,NIST_AI_RMF,EM,EM match for C5.3.2 against NIST_AI_RMF,coder_1
C5.3.3,NIST_AI_RMF,EM,EM match for C5.3.3 against NIST_AI_RMF,coder_1
C5.3.4,NIST_AI_RMF,PM,PM match for C5.3.4 against NIST_AI_RMF,coder_1
C5.3.5,NIST_AI_RMF,PM,PM match for C5.3.5 against NIST_AI_RMF,coder_1
C5.4.1,NIST_AI_RMF,EM,EM match for C5.4.1 against NIST_AI_RMF,coder_1
C5.4.2,NIST_AI_RMF,NM,NM match for C5.4.2 against NIST_AI_RMF,coder_1
C5.4.3,NIST_AI_RMF,EM,EM match for C5.4.3 against NIST_AI_RMF,coder_1
C5.4.4,NIST_AI_RMF,EM,EM match for C5.4.4 against NIST_AI_RMF,coder_1
C5.4.5,NIST_AI_RMF,PM,PM match for C5.4.5 against NIST_AI_RMF,coder_1
C5.5.1,NIST_AI_RMF,PM,PM match for C5.5.1 against NIST_AI_RMF,coder_1
C5.5.2,NIST_AI_RMF,NM,NM match for C5.5.2 against NIST_AI_RMF,coder_1
C5.5.3,NIST_AI_RMF,EM,EM match for C5.5.3 against NIST_AI_RMF,coder_1
C5.5.4,NIST_AI_RMF,NM,NM match for C5.5.4 against NIST_AI_RMF,coder_1
C5.5.5,NIST_AI_RMF,EM,EM match for C5.5.5 against NIST_AI_RMF,coder_1
C5.6.1,NIST_AI_RMF,EM,EM match for C5.6.1 against NIST_AI_RMF,coder_1
C5.6.2,NIST_AI_RMF,EM,EM match for C5.6.2 against NIST_AI_RMF,coder_1
C5.6.3,NIST_AI_RMF,EM,EM match for C5.6.3 against NIST_AI_RMF,coder_1
C5.6.4,NIST_AI_RMF,PM,PM match for C5.6.4 against NIST_AI_RMF,coder_1
C5.6.5,NIST_AI_RMF,PM,PM match for C5.6.5 against NIST_AI_RMF,coder_1
C6.1.1,NIST_AI_RMF,PM,PM match for C6.1.1 against NIST_AI_RMF,coder_1
C6.1.2,NIST_AI_RMF,EM,EM match for C6.1.2 against NIST_AI_RMF,coder_1
C6.1.3,NIST_AI_RMF,PM,PM match for C6.1.3 against NIST_AI_RMF,coder_1
C6.1.4,NIST_AI_RMF,PM,PM match for C6.1.4 against NIST_AI_RMF,coder_1
C6.1.5,NIST_AI_RMF,PM,PM match for C6.1.5 against NIST_AI_RMF,coder_1
C6.2.1,NIST_AI_RMF,PM,PM match for C6.2.1 against NIST_AI_RMF,coder_1
C6.2.2,NIST_AI_RMF,EM,EM match for C6.2.2 against NIST_AI_RMF,coder_1
C6.2.3,NIST_AI_RMF,EM,EM match for C6.2.3 against NIST_AI_RMF,coder_1
C6.2.4,NIST_AI_RMF,EM,EM match for C6.2.4 against NIST_AI_RMF,coder_1
C6.2.5,NIST_AI_RMF,PM,PM match for C6.2.5 against NIST_AI_RMF,coder_1
C6.3.1,NIST_AI_RMF,NM,NM match for C6.3.1 against NIST_AI_RMF,coder_1
C6.3.2,NIST_AI_RMF,EM,EM match for C6.3.2 against NIST_AI_RMF,coder_1
C6.3.3,NIST_AI_RMF,PM,PM match for C6.3.3 against NIST_AI_RMF,coder_1
C6.3.4,NIST_AI_RMF,EM,EM match for C6.3.4 against NIST_AI_RMF,coder_1
C6.3.5,NIST_AI_RMF,EM,EM match for C6.3.5 against NIST_AI_RMF,coder_1
C6.4.1,NIST_AI_RMF,EM,EM match for C6.4.1 against NIST_AI_RMF,coder_1
C6.4.2,NIST_AI_RMF,EM,EM match for C6.4.2 against NIST_AI_RMF,coder_1
C6.4.3,NIST_AI_RMF,EM,EM match for C6.4.3 against NIST_AI_RMF,coder_1
C6.4.4,NIST_AI_RMF,EM,EM match for C6.4.4 against NIST_AI_RMF,coder_1
C6.4.5,NIST_AI_RMF,EM,EM match for C6.4.5 against NIST_AI_RMF,coder_1
C6.5.1,NIST_AI_RMF,EM,EM match for C6.5.1 against NIST_AI_RMF,coder_1
C6.5.2,NIST_AI_RMF,EM,EM match for C6.5.2 against NIST_AI_RMF,coder_1
C6.5.3,NIST_AI_RMF,EM,EM match for C6.5.3 against NIST_AI_RMF,coder_1
C6.5.4,NIST_AI_RMF,NM,NM match for C6.5.4 against NIST_AI_RMF,coder_1
C6.5.5,NIST_AI_RMF,PM,PM match for C6.5.5 against NIST_AI_RMF,coder_1
C6.6.1,NIST_AI_RMF,EM,EM match for C6.6.1 against NIST_AI_RMF,coder_1
C6.6.2,NIST_AI_RMF,EM,EM match for C6.6.2 against NIST_AI_RMF,coder_1
C6.6.3,NIST_AI_RMF,PM,PM match for C6.6.3 against NIST_AI_RMF,coder_1
C6.6.4,NIST_AI_RMF,PM,PM match for C6.6.4 against NIST_AI_RMF,coder_1
C6.6.5,NIST_AI_RMF,NM,NM match for C6.6.5 against NIST_AI_RMF,coder_1
C6.7.1,NIST_AI_RMF,PM,PM match for C6.7.1 against NIST_AI_RMF,coder_1
C6.7.2,NIST_AI_RMF,NM,NM match for C6.7.2 against NIST_AI_RMF,coder_1
C6.7.3,NIST_AI_RMF,EM,EM match for C6.7.3 against NIST_AI_RMF,coder_1
C6.7.4,NIST_AI_RMF,EM,EM match for C6.7.4 against NIST_AI_RMF,coder_1
C6.7.5,NIST_AI_RMF,PM,PM match for C6.7.5 against NIST_AI_RMF,coder_1
C7.1.1,NIST_AI_RMF,EM,EM match for C7.1.1 against NIST_AI_RMF,coder_1
C7.1.2,NIST_AI_RMF,EM,EM match for C7.1.2 against NIST_AI_RMF,coder_1
C7.1.3,NIST_AI_RMF,PM,PM match for C7.1.3 against NIST_AI_RMF,coder_1
C7.1.4,NIST_AI_RMF,PM,PM match for C7.1.4 against NIST_AI_RMF,coder_1
C7.1.5,NIST_AI_RMF,EM,EM match for C7.1.5 against NIST_AI_RMF,coder_1
C7.2.1,NIST_AI_RMF,EM,EM match for C7.2.1 against NIST_AI_RMF,coder_1
C7.2.2,NIST_AI_RMF,PM,PM match for C7.2.2 against NIST_AI_RMF,coder_1
C7.2.3,NIST_AI_RMF,NM,NM match for C7.2.3 against NIST_AI_RMF,coder_1
C7.2.4,NIST_AI_RMF,PM,PM match for C7.2.4 against NIST_AI_RMF,coder_1
C7.2.5,NIST_AI_RMF,PM,PM match for C7.2.5 against NIST_AI_RMF,coder_1
C7.3.1,NIST_AI_RMF,PM,PM match for C7.3.1 against NIST_AI_RMF,coder_1
C7.3.2,NIST_AI_RMF,PM,PM match for C7.3.2 against NIST_AI_RMF,coder_1
C7.3.3,NIST_AI_RMF,PM,PM match for C7.3.3 against NIST_AI_RMF,coder_1
C7.3.4,NIST_AI_RMF,EM,EM match for C7.3.4 against NIST_AI_RMF,coder_1
C7.3.5,NIST_AI_RMF,EM,EM match for C7.3.5 against NIST_AI_RMF,coder_1
C7.4.1,NIST_AI_RMF,PM,PM match for C7.4.1 against NIST_AI_RMF,coder_1
C7.4.2,NIST_AI_RMF,PM,PM match for C7.4.2 against NIST_AI_RMF,coder_1
C7.4.3,NIST_AI_RMF,PM,PM match for C7.4.3 against NIST_AI_RMF,coder_1
C7.4.4,NIST_AI_RMF,NM,NM match for C7.4.4 against NIST_AI_RMF,coder_1
C7.4.5,NIST_AI_RMF,PM,PM match for C7.4.5 against NIST_AI_RMF,coder_1
C7.5.1,NIST_AI_RMF,EM,EM match for C7.5.1 against NIST_AI_RMF,coder_1
C7.5.2,NIST_AI_RMF,PM,PM match for C7.5.2 against NIST_AI_RMF,coder_1
C7.5.3,NIST_AI_RMF,EM,EM match for C7.5.3 against NIST_AI_RMF,coder_1
C7.5.4,NIST_AI_RMF,PM,PM match for C7.5.4 against NIST_AI_RMF,coder_1
C7.5.5,NIST_AI_RMF,PM,PM match for C7.5.5 against NIST_AI_RMF,coder_1
C7.6.1,NIST_AI_RMF,EM,EM match for C7.6.1 against NIST_AI_RMF,coder_1
C7.6.2,NIST_AI_RMF,EM,EM match for C7.6.2 against NIST_AI_RMF,coder_1
C7.6.3,NIST_AI_RMF,PM,PM match for C7.6.3 against NIST_AI_RMF,coder_1
C7.6.4,NIST_AI_RMF,EM,EM match for C7.6.4 against NIST_AI_RMF,coder_1
C7.6.5,NIST_AI_RMF,EM,EM match for C7.6.5 against NIST_AI_RMF,coder_1
C7.7.1,NIST_AI_RMF,EM,EM match for C7.7.1 against NIST_AI_RMF,coder_1
C7.7.2,NIST_AI_RMF,PM,PM match for C7.7.2 against NIST_AI_RMF,coder_1
C7.7.3,NIST_AI_RMF,NM,NM match for C7.7.3 against NIST_AI_RMF,coder_1
C7.7.4,NIST_AI_RMF,EM,EM match for C7.7.4 against NIST_AI_RMF,coder_1
C7.7.5,NIST_AI_RMF,EM,EM match for C7.7.5 against NIST_AI_RMF,coder_1
C8.1.1,NIST_AI_RMF,PM,PM match for C8.1.1 against NIST_AI_RMF,coder_1
C8.1.2,NIST_AI_RMF,EM,EM match for C8.1.2 against NIST_AI_RMF,coder_1
C8.1.3,NIST_AI_RMF,EM,EM match for C8.1.3 against NIST_AI_RMF,coder_1
C8.1.4,NIST_AI_RMF,NM,NM match for C8.1.4 against NIST_AI_RMF,coder_1
C8.1.5,NIST_AI_RMF,PM,PM match for C8.1.5 against NIST_AI_RMF,coder_1
C8.2.1,NIST_AI_RMF,NM,NM match for C8.2.1 against NIST_AI_RMF,coder_1
C8.2.2,NIST_AI_RMF,EM,EM match for C8.2.2 against NIST_AI_RMF,coder_1
C8.2.3,NIST_AI_RMF,PM,PM match for C8.2.3 against NIST_AI_RMF,coder_1
C8.2.4,NIST_AI_RMF,PM,PM match for C8.2.4 against NIST_AI_RMF,coder_1
C8.2.5,NIST_AI_RMF,EM,EM match for C8.2.5 against NIST_AI_RMF,coder_1
C8.3.1,NIST_AI_RMF,PM,PM match for C8.3.1 against NIST_AI_RMF,coder_1
C8.3.2,NIST_AI_RMF,EM,EM match for C8.3.2 against NIST_AI_RMF,coder_1
C8.3.3,NIST_AI_RMF,PM,PM match for C8.3.3 against NIST_AI_RMF,coder_1
C8.3.4,NIST_AI_RMF,NM,NM match for C8.3.4 against NIST_AI_RMF,coder_1
C8.3.5,NIST_AI_RMF,PM,PM match for C8.3.5 against NIST_AI_RMF,coder_1
C8.4.1,NIST_AI_RMF,EM,EM match for C8.4.1 against NIST_AI_RMF,coder_1
C8.4.2,NIST_AI_RMF,EM,EM match for C8.4.2 against NIST_AI_RMF,coder_1
C8.4.3,NIST_AI_RMF,NM,NM match for C8.4.3 against NIST_AI_RMF,coder_1
C8.4.4,NIST_AI_RMF,NM,NM match for C8.4.4 against NIST_AI_RMF,coder_1
C8.4.5,NIST_AI_RMF,EM,EM match for C8.4.5 against NIST_AI_RMF,coder_1
C8.5.1,NIST_AI_RMF,PM,PM match for C8.5.1 against NIST_AI_RMF,coder_1
C8.5.2,NIST_AI_RMF,PM,PM match for C8.5.2 against NIST_AI_RMF,coder_1
C8.5.3,NIST_AI_RMF,PM,PM match for C8.5.3 against NIST_AI_RMF,coder_1
C8.5.4,NIST_AI_RMF,PM,PM match for C8.5.4 against NIST_AI_RMF,coder_1
C8.5.5,NIST_AI_RMF,EM,EM match for C8.5.5 against NIST_AI_RMF,coder_1
C8.6.1,NIST_AI_RMF,PM,PM match for C8.6.1 against NIST_AI_RMF,coder_1
C8.6.2,NIST_AI_RMF,EM,EM match for C8.6.2 against NIST_AI_RMF,coder_1
C8.6.3,NIST_AI_RMF,PM,PM match for C8.6.3 against NIST_AI_RMF,coder_1
C8.6.4,NIST_AI_RMF,EM,EM match for C8.6.4 against NIST_AI_RMF,coder_1
C8.6.5,NIST_AI_RMF,EM,EM match for C8.6.5 against NIST_AI_RMF,coder_1
C8.7.1,NIST_AI_RMF,PM,PM match for C8.7.1 against NIST_AI_RMF,coder_1
C8.7.2,NIST_AI_RMF,PM,PM match for C8.7.2 against NIST_AI_RMF,coder_1
C8.7.3,NIST_AI_RMF,PM,PM match for C8.7.3 against NIST_AI_RMF,coder_1
C8.7.4,NIST_AI_RMF,PM,PM match for C8.7.4 against NIST_AI_RMF,coder_1
C8.7.5,NIST_AI_RMF,PM,PM match for C8.7.5 against NIST_AI_RMF,coder_1
C8.8.1,NIST_AI_RMF,NM,NM match for C8.8.1 against NIST_AI_RMF,coder_1
C8.8.2,NIST_AI_RMF,PM,PM match for C8.8.2 against NIST_AI_RMF,coder_1
C8.8.3,NIST_AI_RMF,EM,EM match for C8.8.3 against NIST_AI_RMF,coder_1
C8.8.4,NIST_AI_RMF,NM,NM match for C8.8.4 against NIST_AI_RMF,coder_1
C8.8.5,NIST_AI_RMF,PM,PM match for C8.8.5 against NIST_AI_RMF,coder_1
C8.9.1,NIST_AI_RMF,PM,PM match for C8.9.1 against NIST_AI_RMF,coder_1
C8.9.2,NIST_AI_RMF,EM,EM match for C8.9.2 against NIST_AI_RMF,coder_1
C1.1.1,OWASP_AISVS,NM,NM match for C1.1.1 against OWASP_AISVS,coder_1
C1.1.2,OWASP_AISVS,NM,NM match for C1.1.2 against OWASP_AISVS,coder_1
C1.1.3,OWASP_AISVS,NM,NM match for C1.1.3 against OWASP_AISVS,coder_1
C1.1.4,OWASP_AISVS,EM,EM match for C1.1.4 against OWASP_AISVS,coder_1
C1.1.5,OWASP_AISVS,NM,NM match for C1.1.5 against OWASP_AISVS,coder_1
C1.2.1,OWASP_AISVS,NM,NM match for C1.2.1 against OWASP_AISVS,coder_1
C1.2.2,OWASP_AISVS,PM,PM match for C1.2.2 against OWASP_AISVS,coder_1
C1.2.3,OWASP_AISVS,EM,EM match for C1.2.3 against OWASP_AISVS,coder_1
C1.2.4,OWASP_AISVS,PM,PM match for C1.2.4 against OWASP_AISVS,coder_1
C1.2.5,OWASP_AISVS,NM,NM match for C1.2.5 against OWASP_AISVS,coder_1
C1.3.1,OWASP_AISVS,EM,EM match for C1.3.1 against OWASP_AISVS,coder_1
C1.3.2,OWASP_AISVS,PM,PM match for C1.3.2 against OWASP_AISVS,coder_1
C1.3.3,OWASP_AISVS,EM,EM match for C1.3.3 against OWASP_AISVS,coder_1
C1.3.4,OWASP_AISVS,NM,NM match for C1.3.4 against OWASP_AISVS,coder_1
C1.3.5,OWASP_AISVS,NM,NM match for C1.3.5 against OWASP_AISVS,coder_1
C1.4.1,OWASP_AISVS,PM,PM match for C1.4.1 against OWASP_AISVS,coder_1
C1.4.2,OWASP_AISVS,NM,NM match for C1.4.2 against OWASP_AISVS,coder_1
C1.4.3,OWASP_AISVS,PM,PM match for C1.4.3 against OWASP_AISVS,coder_1
C1.4.4,OWASP_AISVS,PM,PM match for C1.4.4 against OWASP_AISVS,coder_1
C1.4.5,OWASP_AISVS,PM,PM match for C1.4.5 against OWASP_AISVS,coder_1
C1.5.1,OWASP_AISVS,NM,NM match for C1.5.1 against OWASP_AISVS,coder_1
C1.5.2,OWASP_AISVS,PM,PM match for C1.5.2 against OWASP_AISVS,coder_1
C1.5.3,OWASP_AISVS,NM,NM match for C1.5.3 against OWASP_AISVS,coder_1
C1.5.4,OWASP_AISVS,PM,PM match for C1.5.4 against OWASP_AISVS,coder_1
C1.5.5,OWASP_AISVS,PM,PM match for C1.5.5 against OWASP_AISVS,coder_1
C1.6.1,OWASP_AISVS,EM,EM match for C1.6.1 against OWASP_AISVS,coder_1
C1.6.2,OWASP_AISVS,PM,PM match for C1.6.2 against OWASP_AISVS,coder_1
C1.6.3,OWASP_AISVS,EM,EM match for C1.6.3 against OWASP_AISVS,coder_1
C1.6.4,OWASP_AISVS,EM,EM match for C1.6.4 against OWASP_AISVS,coder_1
C1.6.5,OWASP_AISVS,EM,EM match for C1.6.5 against OWASP_AISVS,coder_1
C2.1.1,OWASP_AISVS,NM,NM match for C2.1.1 against OWASP_AISVS,coder_1
C2.1.2,OWASP_AISVS,NM,NM match for C2.1.2 against OWASP_AISVS,coder_1
C2.1.3,OWASP_AISVS,PM,PM match for C2.1.3 against OWASP_AISVS,coder_1
C2.1.4,OWASP_AISVS,NM,NM match for C2.1.4 against OWASP_AISVS,coder_1
C2.1.5,OWASP_AISVS,NM,NM match for C2.1.5 against OWASP_AISVS,coder_1
C2.2.1,OWASP_AISVS,NM,NM match for C2.2.1 against OWASP_AISVS,coder_1
C2.2.2,OWASP_AISVS,PM,PM match for C2.2.2 against OWASP_AISVS,coder_1
C2.2.3,OWASP_AISVS,EM,EM match for C2.2.3 against OWASP_AISVS,coder_1
C2.2.4,OWASP_AISVS,NM,NM match for C2.2.4 against OWASP_AISVS,coder_1
C2.2.5,OWASP_AISVS,NM,NM match for C2.2.5 against OWASP_AISVS,coder_1
C2.3.1,OWASP_AISVS,EM,EM match for C2.3.1 against OWASP_AISVS,coder_1
C2.3.2,OWASP_AISVS,NM,NM match for C2.3.2 against OWASP_AISVS,coder_1
C2.3.3,OWASP_AISVS,NM,NM match for C2.3.3 against OWASP_AISVS,coder_1
C2.3.4,OWASP_AISVS,NM,NM match for C2.3.4 against OWASP_AISVS,coder_1
C2.3.5,OWASP_AISVS,NM,NM match for C2.3.5 against OWASP_AISVS,coder_1
C2.4.1,OWASP_AISVS,NM,NM match for C2.4.1 against OWASP_AISVS,coder_1
C2.4.2,OWASP_AISVS,PM,PM match for C2.4.2 against OWASP_AISVS,coder_1
C2.4.3,OWASP_AISVS,NM,NM match for C2.4.3 against OWASP_AISVS,coder_1
C2.4.4,OWASP_AISVS,PM,PM match for C2.4.4 against OWASP_AISVS,coder_1
C2.4.5,OWASP_AISVS,PM,PM match for C2.4.5 against OWASP_AISVS,coder_1
C2.5.1,OWASP_AISVS,NM,NM match for C2.5.1 against OWASP_AISVS,coder_1
C2.5.2,OWASP_AISVS,PM,PM match for C2.5.2 against OWASP_AISVS,coder_1
C2.5.3,OWASP_AISVS,PM,PM match for C2.5.3 against OWASP_AISVS,coder_1
C2.5.4,OWASP_AISVS,NM,NM match for C2.5.4 against OWASP_AISVS,coder_1
C2.5.5,OWASP_AISVS,NM,NM match for C2.5.5 against OWASP_AISVS,coder_1
C2.6.1,OWASP_AISVS,NM,NM match for C2.6.1 against OWASP_AISVS,coder_1
C2.6.2,OWASP_AISVS,PM,PM match for C2.6.2 against OWASP_AISVS,coder_1
C2.6.3,OWASP_AISVS,PM,PM match for C2.6.3 against OWASP_AISVS,coder_1
C2.6.4,OWASP_AISVS,EM,EM match for C2.6.4 against OWASP_AISVS,coder_1
C2.6.5,OWASP_AISVS,PM,PM match for C2.6.5 against OWASP_AISVS,coder_1
C2.7.1,OWASP_AISVS,PM,PM match for C2.7.1 against OWASP_AISVS,coder_1
C2.7.2,OWASP_AISVS,PM,PM match for C2.7.2 against OWASP_AISVS,coder_1
C2.7.3,OWASP_AISVS,NM,NM match for C2.7.3 against OWASP_AISVS,coder_1
C2.7.4,OWASP_AISVS,NM,NM match for C2.7.4 against OWASP_AISVS,coder_1
C3.1.1,OWASP_AISVS,EM,EM match for C3.1.1 against OWASP_AISVS,coder_1
C3.1.2,OWASP_AISVS,EM,EM match for C3.1.2 against OWASP_AISVS,coder_1
C3.1.3,OWASP_AISVS,EM,EM match for C3.1.3 against OWASP_AISVS,coder_1
C3.1.4,OWASP_AISVS,NM,NM match for C3.1.4 against OWASP_AISVS,coder_1
C3.1.5,OWASP_AISVS,NM,NM match for C3.1.5 against OWASP_AISVS,coder_1
C3.2.1,OWASP_AISVS,NM,NM match for C3.2.1 against OWASP_AISVS,coder_1
C3.2.2,OWASP_AISVS,EM,EM match for C3.2.2 against OWASP_AISVS,coder_1
C3.2.3,OWASP_AISVS,NM,NM match for C3.2.3 against OWASP_AISVS,coder_1
C3.2.4,OWASP_AISVS,NM,NM match for C3.2.4 against OWASP_AISVS,coder_1
C3.2.5,OWASP_AISVS,PM,PM match for C3.2.5 against OWASP_AISVS,coder_1
C3.3.1,OWASP_AISVS,EM,EM match for C3.3.1 against OWASP_AISVS,coder_1
C3.3.2,OWASP_AISVS,NM,NM match for C3.3.2 against OWASP_AISVS,coder_1
C3.3.3,OWASP_AISVS,PM,PM match for C3.3.3 against OWASP_AISVS,coder_1
C3.3.4,OWASP_AISVS,NM,NM match for C3.3.4 against OWASP_AISVS,coder_1
C3.3.5,OWASP_AISVS,NM,NM match for C3.3.5 against OWASP_AISVS,coder_1
C3.4.1,OWASP_AISVS,NM,NM match for C3.4.1 against OWASP_AISVS,coder_1
C3.4.2,OWASP_AISVS,NM,NM match for C3.4.2 against OWASP_AISVS,coder_1
C3.4.3,OWASP_AISVS,PM,PM match for C3.4.3 against OWASP_AISVS,coder_1
C3.4.4,OWASP_AISVS,NM,NM match for C3.4.4 against OWASP_AISVS,coder_1
C3.4.5,OWASP_AISVS,NM,NM match for C3.4.5 against OWASP_AISVS,coder_1
C3.5.1,OWASP_AISVS,PM,PM match for C3.5.1 against OWASP_AISVS,coder_1
C3.5.2,OWASP_AISVS,PM,PM match for C3.5.2 against OWASP_AISVS,coder_1
C3.5.3,OWASP_AISVS,NM,NM match for C3.5.3 against OWASP_AISVS,coder_1
C3.5.4,OWASP_AISVS,PM,PM match for C3.5.4 against OWASP_AISVS,coder_1
C3.5.5,OWASP_AISVS,PM,PM match for C3.5.5 against OWASP_AISVS,coder_1
C3.6.1,OWASP_AISVS,PM,PM match for C3.6.1 against OWASP_AISVS,coder_1
C3.6.2,OWASP_AISVS,EM,EM match for C3.6.2 against OWASP_AISVS,coder_1
C3.6.3,OWASP_AISVS,PM,PM match for C3.6.3 against OWASP_AISVS,coder_1
C3.6.4,OWASP_AISVS,NM,NM match for C3.6.4 against OWASP_AISVS,coder_1
C3.6.5,OWASP_AISVS,PM,PM match for C3.6.5 against OWASP_AISVS,coder_1
C3.7.1,OWASP_AISVS,NM,NM match for C3.7.1 against OWASP_AISVS,coder_1
C3.7.2,OWASP_AISVS,EM,EM match for C3.7.2 against OWASP_AISVS,coder_1
C3.7.3,OWASP_AISVS,NM,NM match for C3.7.3 against OWASP_AISVS,coder_1
C3.7.4,OWASP_AISVS,PM,PM match for C3.7.4 against OWASP_AISVS,coder_1
C3.7.5,OWASP_AISVS,EM,EM match for C3.7.5 against OWASP_AISVS,coder_1
C4.1.1,OWASP_AISVS,NM,NM match for C4.1.1 against OWASP_AISVS,coder_1
C4.1.2,OWASP_AISVS,NM,NM match for C4.1.2 against OWASP_AISVS,coder_1
C4.1.3,OWASP_AISVS,NM,NM match for C4.1.3 against OWASP_AISVS,coder_1
C4.1.4,OWASP_AISVS,EM,EM match for C4.1.4 against OWASP_AISVS,coder_1
C4.1.5,OWASP_AISVS,EM,EM match for C4.1.5 against OWASP_AISVS,coder_1
C4.2.1,OWASP_AISVS,PM,PM match for C4.2.1 against OWASP_AISVS,coder_1
C4.2.2,OWASP_AISVS,NM,NM match for C4.2.2 against OWASP_AISVS,coder_1
C4.2.3,OWASP_AISVS,NM,NM match for C4.2.3 against OWASP_AISVS,coder_1
C4.2.4,OWASP_AISVS,NM,NM match for C4.2.4 against OWASP_AISVS,coder_1
C4.2.5,OWASP_AISVS,EM,EM match for C4.2.5 against OWASP_AISVS,coder_1
C4.3.1,OWASP_AISVS,PM,PM match for C4.3.1 against OWASP_AISVS,coder_1
C4.3.2,OWASP_AISVS,NM,NM match for C4.3.2 against OWASP_AISVS,coder_1
C4.3.3,OWASP_AISVS,NM,NM match for C4.3.3 against OWASP_AISVS,coder_1
C4.3.4,OWASP_AISVS,EM,EM match for C4.3.4 against OWASP_AISVS,coder_1
C4.3.5,OWASP_AISVS,EM,EM match for C4.3.5 against OWASP_AISVS,coder_1
C4.4.1,OWASP_AISVS,NM,NM match for C4.4.1 against OWASP_AISVS,coder_1
C4.4.2,OWASP_AISVS,PM,PM match for C4.4.2 against OWASP_AISVS,coder_1
C4.4.3,OWASP_AISVS,NM,NM match for C4.4.3 against OWASP_AISVS,coder_1
C4.4.4,OWASP_AISVS,PM,PM match for C4.4.4 against OWASP_AISVS,coder_1
C4.4.5,OWASP_AISVS,NM,NM match for C4.4.5 against OWASP_AISVS,coder_1
C4.5.1,OWASP_AISVS,EM,EM match for C4.5.1 against OWASP_AISVS,coder_1
C4.5.2,OWASP_AISVS,NM,NM match for C4.5.2 against OWASP_AISVS,coder_1
C4.5.3,OWASP_AISVS,EM,EM match for C4.5.3 against OWASP_AISVS,coder_1
C4.5.4,OWASP_AISVS,NM,NM match for C4.5.4 against OWASP_AISVS,coder_1
C4.5.5,OWASP_AISVS,NM,NM match for C4.5.5 against OWASP_AISVS,coder_1
C4.6.1,OWASP_AISVS,NM,NM match for C4.6.1 against OWASP_AISVS,coder_1
C4.6.2,OWASP_AISVS,PM,PM match for C4.6.2 against OWASP_AISVS,coder_1
C4.6.3,OWASP_AISVS,EM,EM match for C4.6.3 against OWASP_AISVS,coder_1
C4.6.4,OWASP_AISVS,EM,EM match for C4.6.4 against OWASP_AISVS,coder_1
C4.6.5,OWASP_AISVS,NM,NM match for C4.6.5 against OWASP_AISVS,coder_1
C4.7.1,OWASP_AISVS,PM,PM match for C4.7.1 against OWASP_AISVS,coder_1
C4.7.2,OWASP_AISVS,EM,EM match for C4.7.2 against OWASP_AISVS,coder_1
C4.7.3,OWASP_AISVS,NM,NM match for C4.7.3 against OWASP_AISVS,coder_1
C4.7.4,OWASP_AISVS,PM,PM match for C4.7.4 against OWASP_AISVS,coder_1
C4.7.5,OWASP_AISVS,PM,PM match for C4.7.5 against OWASP_AISVS,coder_1
C4.8.1,OWASP_AISVS,NM,NM match for C4.8.1 against OWASP_AISVS,coder_1
C4.8.2,OWASP_AISVS,PM,PM match for C4.8.2 against OWASP_AISVS,coder_1
C4.8.3,OWASP_AISVS,NM,NM match for C4.8.3 against OWASP_AISVS,coder_1
C5.1.1,OWASP_AISVS,NM,NM match for C5.1.1 against OWASP_AISVS,coder_1
C5.1.2,OWASP_AISVS,PM,PM match for C5.1.2 against OWASP_AISVS,coder_1
C5.1.3,OWASP_AISVS,PM,PM match for C5.1.3 against OWASP_AISVS,coder_1
C5.1.4,OWASP_AISVS,NM,NM match for C5.1.4 against OWASP_AISVS,coder_1
C5.1.5,OWASP_AISVS,EM,EM match for C5.1.5 against OWASP_AISVS,coder_1
C5.2.1,OWASP_AISVS,NM,NM match for C5.2.1 against OWASP_AISVS,coder_1
C5.2.2,OWASP_AISVS,EM,EM match for C5.2.2 against OWASP_AISVS,coder_1
C5.2.3,OWASP_AISVS,NM,NM match for C5.2.3 against OWASP_AISVS,coder_1
C5.2.4,OWASP_AISVS,PM,PM match for C5.2.4 against OWASP_AISVS,coder_1
C5.2.5,OWASP_AISVS,PM,PM match for C5.2.5 against OWASP_AISVS,coder_1
C5.3.1,OWASP_AISVS,NM,NM match for C5.3.1 against OWASP_AISVS,coder_1
C5.3.2,OWASP_AISVS,PM,PM match for C5.3.2 against OWASP_AISVS,coder_1
C5.3.3,OWASP_AISVS,PM,PM match for C5.3.3 against OWASP_AISVS,coder_1
C5.3.4,OWASP_AISVS,NM,NM match for C5.3.4 against OWASP_AISVS,coder_1
C5.3.5,OWASP_AISVS,EM,EM match for C5.3.5 against OWASP_AISVS,coder_1
C5.4.1,OWASP_AISVS,PM,PM match for C5.4.1 against OWASP_AISVS,coder_1
C5.4.2,OWASP_AISVS,NM,NM match for C5.4.2 against OWASP_AISVS,coder_1
C5.4.3,OWASP_AISVS,PM,PM match for C5.4.3 against OWASP_AISVS,coder_1
C5.4.4,OWASP_AISVS,NM,NM match for C5.4.4 against OWASP_AISVS,coder_1
C5.4.5,OWASP_AISVS,NM,NM match for C5.4.5 against OWASP_AISVS,coder_1
C5.5.1,OWASP_AISVS,PM,PM match for C5.5.1 against OWASP_AISVS,coder_1
C5.5.2,OWASP_AISVS,EM,EM match for C5.5.2 against OWASP_AISVS,coder_1
C5.5.3,OWASP_AISVS,NM,NM match for C5.5.3 against OWASP_AISVS,coder_1
C5.5.4,OWASP_AISVS,NM,NM match for C5.5.4 against OWASP_AISVS,coder_1
C5.5.5,OWASP_AISVS,NM,NM match for C5.5.5 against OWASP_AISVS,coder_1
C5.6.1,OWASP_AISVS,NM,NM match for C5.6.1 against OWASP_AISVS,coder_1
C5.6.2,OWASP_AISVS,EM,EM match for C5.6.2 against OWASP_AISVS,coder_1
C5.6.3,OWASP_AISVS,EM,EM match for C5.6.3 against OWASP_AISVS,coder_1
C5.6.4,OWASP_AISVS,EM,EM match for C5.6.4 against OWASP_AISVS,coder_1
C5.6.5,OWASP_AISVS,NM,NM match for C5.6.5 against OWASP_AISVS,coder_1
C6.1.1,OWASP_AISVS,EM,EM match for C6.1.1 against OWASP_AISVS,coder_1
C6.1.2,OWASP_AISVS,PM,PM match for C6.1.2 against OWASP_AISVS,coder_1
C6.1.3,OWASP_AISVS,PM,PM match for C6.1.3 against OWASP_AISVS,coder_1
C6.1.4,OWASP_AISVS,NM,NM match for C6.1.4 against OWASP_AISVS,coder_1
C6.1.5,OWASP_AISVS,NM,NM match for C6.1.5 against OWASP_AISVS,coder_1
C6.2.1,OWASP_AISVS,PM,PM match for C6.2.1 against OWASP_AISVS,coder_1
C6.2.2,OWASP_AISVS,EM,EM match for C6.2.2 against OWASP_AISVS,coder_1
C6.2.3,OWASP_AISVS,NM,NM match for C6.2.3 against OWASP_AISVS,coder_1
C6.2.4,OWASP_AISVS,NM,NM match for C6.2.4 against OWASP_AISVS,coder_1
C6.2.5,OWASP_AISVS,NM,NM match for C6.2.5 against OWASP_AISVS,coder_1
C6.3.1,OWASP_AISVS,PM,PM match for C6.3.1 against OWASP_AISVS,coder_1
C6.3.2,OWASP_AISVS,NM,NM match for C6.3.2 against OWASP_AISVS,coder_1
C6.3.3,OWASP_AISVS,PM,PM match for C6.3.3 against OWASP_AISVS,coder_1
C6.3.4,OWASP_AISVS,NM,NM match for C6.3.4 against OWASP_AISVS,coder_1
C6.3.5,OWASP_AISVS,NM,NM match for C6.3.5 against OWASP_AISVS,coder_1
C6.4.1,OWASP_AISVS,PM,PM match for C6.4.1 against OWASP_AISVS,coder_1
C6.4.2,OWASP_AISVS,NM,NM match for C6.4.2 against OWASP_AISVS,coder_1
C6.4.3,OWASP_AISVS,NM,NM match for C6.4.3 against OWASP_AISVS,coder_1
C6.4.4,OWASP_AISVS,NM,NM match for C6.4.4 against OWASP_AISVS,coder_1
C6.4.5,OWASP_AISVS,NM,NM match for C6.4.5 against OWASP_AISVS,coder_1
C6.5.1,OWASP_AISVS,NM,NM match for C6.5.1 against OWASP_AISVS,coder_1
C6.5.2,OWASP_AISVS,NM,NM match for C6.5.2 against OWASP_AISVS,coder_1
C6.5.3,OWASP_AISVS,NM,NM match for C6.5.3 against OWASP_AISVS,coder_1
C6.5.4,OWASP_AISVS,PM,PM match for C6.5.4 against OWASP_AISVS,coder_1
C6.5.5,OWASP_AISVS,PM,PM match for C6.5.5 against OWASP_AISVS,coder_1
C6.6.1,OWASP_AISVS,PM,PM match for C6.6.1 against OWASP_AISVS,coder_1
C6.6.2,OWASP_AISVS,NM,NM match for C6.6.2 against OWASP_AISVS,coder_1
C6.6.3,OWASP_AISVS,PM,PM match for C6.6.3 against OWASP_AISVS,coder_1
C6.6.4,OWASP_AISVS,PM,PM match for C6.6.4 against OWASP_AISVS,coder_1
C6.6.5,OWASP_AISVS,PM,PM match for C6.6.5 against OWASP_AISVS,coder_1
C6.7.1,OWASP_AISVS,PM,PM match for C6.7.1 against OWASP_AISVS,coder_1
C6.7.2,OWASP_AISVS,NM,NM match for C6.7.2 against OWASP_AISVS,coder_1
C6.7.3,OWASP_AISVS,PM,PM match for C6.7.3 against OWASP_AISVS,coder_1
C6.7.4,OWASP_AISVS,PM,PM match for C6.7.4 against OWASP_AISVS,coder_1
C6.7.5,OWASP_AISVS,NM,NM match for C6.7.5 against OWASP_AISVS,coder_1
C7.1.1,OWASP_AISVS,NM,NM match for C7.1.1 against OWASP_AISVS,coder_1
C7.1.2,OWASP_AISVS,PM,PM match for C7.1.2 against OWASP_AISVS,coder_1
C7.1.3,OWASP_AISVS,NM,NM match for C7.1.3 against OWASP_AISVS,coder_1
C7.1.4,OWASP_AISVS,NM,NM match for C7.1.4 against OWASP_AISVS,coder_1
C7.1.5,OWASP_AISVS,EM,EM match for C7.1.5 against OWASP_AISVS,coder_1
C7.2.1,OWASP_AISVS,PM,PM match for C7.2.1 against OWASP_AISVS,coder_1
C7.2.2,OWASP_AISVS,NM,NM match for C7.2.2 against OWASP_AISVS,coder_1
C7.2.3,OWASP_AISVS,EM,EM match for C7.2.3 against OWASP_AISVS,coder_1
C7.2.4,OWASP_AISVS,EM,EM match for C7.2.4 against OWASP_AISVS,coder_1
C7.2.5,OWASP_AISVS,PM,PM match for C7.2.5 against OWASP_AISVS,coder_1
C7.3.1,OWASP_AISVS,NM,NM match for C7.3.1 against OWASP_AISVS,coder_1
C7.3.2,OWASP_AISVS,PM,PM match for C7.3.2 against OWASP_AISVS,coder_1
C7.3.3,OWASP_AISVS,NM,NM match for C7.3.3 against OWASP_AISVS,coder_1
C7.3.4,OWASP_AISVS,NM,NM match for C7.3.4 against OWASP_AISVS,coder_1
C7.3.5,OWASP_AISVS,PM,PM match for C7.3.5 against OWASP_AISVS,coder_1
C7.4.1,OWASP_AISVS,PM,PM match for C7.4.1 against OWASP_AISVS,coder_1
C7.4.2,OWASP_AISVS,NM,NM match for C7.4.2 against OWASP_AISVS,coder_1
C7.4.3,OWASP_AISVS,PM,PM match for C7.4.3 against OWASP_AISVS,coder_1
C7.4.4,OWASP_AISVS,EM,EM match for C7.4.4 against OWASP_AISVS,coder_1
C7.4.5,OWASP_AISVS,NM,NM match for C7.4.5 against OWASP_AISVS,coder_1
C7.5.1,OWASP_AISVS,NM,NM match for C7.5.1 against OWASP_AISVS,coder_1
C7.5.2,OWASP_AISVS,PM,PM match for C7.5.2 against OWASP_AISVS,coder_1
C7.5.3,OWASP_AISVS,PM,PM match for C7.5.3 against OWASP_AISVS,coder_1
C7.5.4,OWASP_AISVS,PM,PM match for C7.5.4 against OWASP_AISVS,coder_1
C7.5.5,OWASP_AISVS,NM,NM match for C7.5.5 against OWASP_AISVS,coder_1
C7.6.1,OWASP_AISVS,NM,NM match for C7.6.1 against OWASP_AISVS,coder_1
C7.6.2,OWASP_AISVS,NM,NM match for C7.6.2 against OWASP_AISVS,coder_1
C7.6.3,OWASP_AISVS,NM,NM match for C7.6.3 against OWASP_AISVS,coder_1
C7.6.4,OWASP_AISVS,EM,EM match for C7.6.4 against OWASP_AISVS,coder_1
C7.6.5,OWASP_AISVS,NM,NM match for C7.6.5 against OWASP_AISVS,coder_1
C7.7.1,OWASP_AISVS,NM,NM match for C7.7.1 against OWASP_AISVS,coder_1
C7.7.2,OWASP_AISVS,NM,NM match for C7.7.2 against OWASP_AISVS,coder_1
C7.7.3,OWASP_AISVS,PM,PM match for C7.7.3 against OWASP_AISVS,coder_1
C7.7.4,OWASP_AISVS,EM,EM match for C7.7.4 against OWASP_AISVS,coder_1
C7.7.5,OWASP_AISVS,PM,PM match for C7.7.5 against OWASP_AISVS,coder_1
C8.1.1,OWASP_AISVS,PM,PM match for C8.1.1 against OWASP_AISVS,coder_1
C8.1.2,OWASP_AISVS,PM,PM match for C8.1.2 against OWASP_AISVS,coder_1
C8.1.3,OWASP_AISVS,NM,NM match for C8.1.3 against OWASP_AISVS,coder_1
C8.1.4,OWASP_AISVS,PM,PM match for C8.1.4 against OWASP_AISVS,coder_1
C8.1.5,OWASP_AISVS,NM,NM match for C8.1.5 against OWASP_AISVS,coder_1
C8.2.1,OWASP_AISVS,EM,EM match for C8.2.1 against OWASP_AISVS,coder_1
C8.2.2,OWASP_AISVS,NM,NM match for C8.2.2 against OWASP_AISVS,coder_1
C8.2.3,OWASP_AISVS,EM,EM match for C8.2.3 against OWASP_AISVS,coder_1
C8.2.4,OWASP_AISVS,PM,PM match for C8.2.4 against OWASP_AISVS,coder_1
C8.2.5,OWASP_AISVS,PM,PM match for C8.2.5 against OWASP_AISVS,coder_1
C8.3.1,OWASP_AISVS,NM,NM match for C8.3.1 against OWASP_AISVS,coder_1
C8.3.2,OWASP_AISVS,EM,EM match for C8.3.2 against OWASP_AISVS,coder_1
C8.3.3,OWASP_AISVS,NM,NM match for C8.3.3 against OWASP_AISVS,coder_1
C8.3.4,OWASP_AISVS,NM,NM match for C8.3.4 against OWASP_AISVS,coder_1
C8.3.5,OWASP_AISVS,EM,EM match for C8.3.5 against OWASP_AISVS,coder_1
C8.4.1,OWASP_AISVS,EM,EM match for C8.4.1 against OWASP_AISVS,coder_1
C8.4.2,OWASP_AISVS,PM,PM match for C8.4.2 against OWASP_AISVS,coder_1
C8.4.3,OWASP_AISVS,PM,PM match for C8.4.3 against OWASP_AISVS,coder_1
C8.4.4,OWASP_AISVS,PM,PM match for C8.4.4 against OWASP_AISVS,coder_1
C8.4.5,OWASP_AISVS,NM,NM match for C8.4.5 against OWASP_AISVS,coder_1
C8.5.1,OWASP_AISVS,EM,EM match for C8.5.1 against OWASP_AISVS,coder_1
C8.5.2,OWASP_AISVS,PM,PM match for C8.5.2 against OWASP_AISVS,coder_1
C8.5.3,OWASP_AISVS,EM,EM match for C8.5.3 against OWASP_AISVS,coder_1
C8.5.4,OWASP_AISVS,PM,PM match for C8.5.4 against OWASP_AISVS,coder_1
C8.5.5,OWASP_AISVS,PM,PM match for C8.5.5 against OWASP_AISVS,coder_1
C8.6.1,OWASP_AISVS,PM,PM match for C8.6.1 against OWASP_AISVS,coder_1
C8.6.2,OWASP_AISVS,PM,PM match for C8.6.2 against OWASP_AISVS,coder_1
C8.6.3,OWASP_AISVS,PM,PM match for C8.6.3 against OWASP_AISVS,coder_1
C8.6.4,OWASP_AISVS,PM,PM match for C8.6.4 against OWASP_AISVS,coder_1
C8.6.5,OWASP_AISVS,EM,EM match for C8.6.5 against OWASP_AISVS,coder_1
C8.7.1,OWASP_AISVS,PM,PM match for C8.7.1 against OWASP_AISVS,coder_1
C8.7.2,OWASP_AISVS,NM,NM match for C8.7.2 against OWASP_AISVS,coder_1
C8.7.3,OWASP_AISVS,PM,PM match for C8.7.3 against OWASP_AISVS,coder_1
C8.7.4,OWASP_AISVS,PM,PM match for C8.7.4 against OWASP_AISVS,coder_1
C8.7.5,OWASP_AISVS,PM,PM match for C8.7.5 against OWASP_AISVS,coder_1
C8.8.1,OWASP_AISVS,EM,EM match for C8.8.1 against OWASP_AISVS,coder_1
C8.8.2,OWASP_AISVS,PM,PM match for C8.8.2 against OWASP_AISVS,coder_1
C8.8.3,OWASP_AISVS,PM,PM match for C8.8.3 against OWASP_AISVS,coder_1
C8.8.4,OWASP_AISVS,PM,PM match for C8.8.4 against OWASP_AISVS,coder_1
C8.8.5,OWASP_AISVS,NM,NM match for C8.8.5 against OWASP_AISVS,coder_1
C8.9.1,OWASP_AISVS,EM,EM match for C8.9.1 against OWASP_AISVS,coder_1
C8.9.2,OWASP_AISVS,EM,EM match for C8.9.2 against OWASP_AISVS,coder_1
C1.1.1,WHO_GI_AI4H,PM,PM match for C1.1.1 against WHO_GI_AI4H,coder_1
C1.1.2,WHO_GI_AI4H,EM,EM match for C1.1.2 against WHO_GI_AI4H,coder_1
C1.1.3,WHO_GI_AI4H,NM,NM match for C1.1.3 against WHO_GI_AI4H,coder_1
C1.1.4,WHO_GI_AI4H,NM,NM match for C1.1.4 against WHO_GI_AI4H,coder_1
C1.1.5,WHO_GI_AI4H,NM,NM match for C1.1.5 against WHO_GI_AI4H,coder_1
C1.2.1,WHO_GI_AI4H,NM,NM match for C1.2.1 against WHO_GI_AI4H,coder_1
C1.2.2,WHO_GI_AI4H,EM,EM match for C1.2.2 against WHO_GI_AI4H,coder_1
C1.2.3,WHO_GI_AI4H,PM,PM match for C1.2.3 against WHO_GI_AI4H,coder_1
C1.2.4,WHO_GI_AI4H,PM,PM match for C1.2.4 against WHO_GI_AI4H,coder_1
C1.2.5,WHO_GI_AI4H,NM,NM match for C1.2.5 against WHO_GI_AI4H,coder_1
C1.3.1,WHO_GI_AI4H,NM,NM match for C1.3.1 against WHO_GI_AI4H,coder_1
C1.3.2,WHO_GI_AI4H,PM,PM match for C1.3.2 against WHO_GI_AI4H,coder_1
C1.3.3,WHO_GI_AI4H,NM,NM match for C1.3.3 against WHO_GI_AI4H,coder_1
C1.3.4,WHO_GI_AI4H,PM,PM match for C1.3.4 against WHO_GI_AI4H,coder_1
C1.3.5,WHO_GI_AI4H,NM,NM match for C1.3.5 against WHO_GI_AI4H,coder_1
C1.4.1,WHO_GI_AI4H,NM,NM match for C1.4.1 against WHO_GI_AI4H,coder_1
C1.4.2,WHO_GI_AI4H,NM,NM match for C1.4.2 against WHO_GI_AI4H,coder_1
C1.4.3,WHO_GI_AI4H,PM,PM match for C1.4.3 against WHO_GI_AI4H,coder_1
C1.4.4,WHO_GI_AI4H,PM,PM match for C1.4.4 against WHO_GI_AI4H,coder_1
C1.4.5,WHO_GI_AI4H,NM,NM match for C1.4.5 against WHO_GI_AI4H,coder_1
C1.5.1,WHO_GI_AI4H,NM,NM match for C1.5.1 against WHO_GI_AI4H,coder_1
C1.5.2,WHO_GI_AI4H,NM,NM match for C1.5.2 against WHO_GI_AI4H,coder_1
C1.5.3,WHO_GI_AI4H,PM,PM match for C1.5.3 against WHO_GI_AI4H,coder_1
C1.5.4,WHO_GI_AI4H,NM,NM match for C1.5.4 against WHO_GI_AI4H,coder_1
C1.5.5,WHO_GI_AI4H,PM,PM match for C1.5.5 against WHO_GI_AI4H,coder_1
C1.6.1,WHO_GI_AI4H,NM,NM match for C1.6.1 against WHO_GI_AI4H,coder_1
C1.6.2,WHO_GI_AI4H,PM,PM match for C1.6.2 against WHO_GI_AI4H,coder_1
C1.6.3,WHO_GI_AI4H,NM,NM match for C1.6.3 against WHO_GI_AI4H,coder_1
C1.6.4,WHO_GI_AI4H,EM,EM match for C1.6.4 against WHO_GI_AI4H,coder_1
C1.6.5,WHO_GI_AI4H,NM,NM match for C1.6.5 against WHO_GI_AI4H,coder_1
C2.1.1,WHO_GI_AI4H,NM,NM match for C2.1.1 against WHO_GI_AI4H,coder_1
C2.1.2,WHO_GI_AI4H,EM,EM match for C2.1.2 against WHO_GI_AI4H,coder_1
C2.1.3,WHO_GI_AI4H,EM,EM match for C2.1.3 against WHO_GI_AI4H,coder_1
C2.1.4,WHO_GI_AI4H,PM,PM match for C2.1.4 against WHO_GI_AI4H,coder_1
C2.1.5,WHO_GI_AI4H,PM,PM match for C2.1.5 against WHO_GI_AI4H,coder_1
C2.2.1,WHO_GI_AI4H,NM,NM match for C2.2.1 against WHO_GI_AI4H,coder_1
C2.2.2,WHO_GI_AI4H,NM,NM match for C2.2.2 against WHO_GI_AI4H,coder_1
C2.2.3,WHO_GI_AI4H,PM,PM match for C2.2.3 against WHO_GI_AI4H,coder_1
C2.2.4,WHO_GI_AI4H,EM,EM match for C2.2.4 against WHO_GI_AI4H,coder_1
C2.2.5,WHO_GI_AI4H,NM,NM match for C2.2.5 against WHO_GI_AI4H,coder_1
C2.3.1,WHO_GI_AI4H,PM,PM match for C2.3.1 against WHO_GI_AI4H,coder_1
C2.3.2,WHO_GI_AI4H,NM,NM match for C2.3.2 against WHO_GI_AI4H,coder_1
C2.3.3,WHO_GI_AI4H,NM,NM match for C2.3.3 against WHO_GI_AI4H,coder_1
C2.3.4,WHO_GI_AI4H,PM,PM match for C2.3.4 against WHO_GI_AI4H,coder_1
C2.3.5,WHO_GI_AI4H,EM,EM match for C2.3.5 against WHO_GI_AI4H,coder_1
C2.4.1,WHO_GI_AI4H,EM,EM match for C2.4.1 against WHO_GI_AI4H,coder_1
C2.4.2,WHO_GI_AI4H,PM,PM match for C2.4.2 against WHO_GI_AI4H,coder_1
C2.4.3,WHO_GI_AI4H,PM,PM match for C2.4.3 against WHO_GI_AI4H,coder_1
C2.4.4,WHO_GI_AI4H,PM,PM match for C2.4.4 against WHO_GI_AI4H,coder_1
C2.4.5,WHO_GI_AI4H,PM,PM match for C2.4.5 against WHO_GI_AI4H,coder_1
C2.5.1,WHO_GI_AI4H,NM,NM match for C2.5.1 against WHO_GI_AI4H,coder_1
C2.5.2,WHO_GI_AI4H,PM,PM match for C2.5.2 against WHO_GI_AI4H,coder_1
C2.5.3,WHO_GI_AI4H,EM,EM match for C2.5.3 against WHO_GI_AI4H,coder_1
C2.5.4,WHO_GI_AI4H,NM,NM match for C2.5.4 against WHO_GI_AI4H,coder_1
C2.5.5,WHO_GI_AI4H,NM,NM match for C2.5.5 against WHO_GI_AI4H,coder_1
C2.6.1,WHO_GI_AI4H,PM,PM match for C2.6.1 against WHO_GI_AI4H,coder_1
C2.6.2,WHO_GI_AI4H,PM,PM match for C2.6.2 against WHO_GI_AI4H,coder_1
C2.6.3,WHO_GI_AI4H,PM,PM match for C2.6.3 against WHO_GI_AI4H,coder_1
C2.6.4,WHO_GI_AI4H,PM,PM match for C2.6.4 against WHO_GI_AI4H,coder_1
C2.6.5,WHO_GI_AI4H,PM,PM match for C2.6.5 against WHO_GI_AI4H,coder_1
C2.7.1,WHO_GI_AI4H,PM,PM match for C2.7.1 against WHO_GI_AI4H,coder_1
C2.7.2,WHO_GI_AI4H,NM,NM match for C2.7.2 against WHO_GI_AI4H,coder_1
C2.7.3,WHO_GI_AI4H,NM,NM match for C2.7.3 against WHO_GI_AI4H,coder_1
C2.7.4,WHO_GI_AI4H,EM,EM match for C2.7.4 against WHO_GI_AI4H,coder_1
C3.1.1,WHO_GI_AI4H,NM,NM match for C3.1.1 against WHO_GI_AI4H,coder_1
C3.1.2,WHO_GI_AI4H,PM,PM match for C3.1.2 against WHO_GI_AI4H,coder_1
C3.1.3,WHO_GI_AI4H,EM,EM match for C3.1.3 against WHO_GI_AI4H,coder_1
C3.1.4,WHO_GI_AI4H,EM,EM match for C3.1.4 against WHO_GI_AI4H,coder_1
C3.1.5,WHO_GI_AI4H,PM,PM match for C3.1.5 against WHO_GI_AI4H,coder_1
C3.2.1,WHO_GI_AI4H,NM,NM match for C3.2.1 against WHO_GI_AI4H,coder_1
C3.2.2,WHO_GI_AI4H,PM,PM match for C3.2.2 against WHO_GI_AI4H,coder_1
C3.2.3,WHO_GI_AI4H,NM,NM match for C3.2.3 against WHO_GI_AI4H,coder_1
C3.2.4,WHO_GI_AI4H,PM,PM match for C3.2.4 against WHO_GI_AI4H,coder_1
C3.2.5,WHO_GI_AI4H,NM,NM match for C3.2.5 against WHO_GI_AI4H,coder_1
C3.3.1,WHO_GI_AI4H,NM,NM match for C3.3.1 against WHO_GI_AI4H,coder_1
C3.3.2,WHO_GI_AI4H,NM,NM match for C3.3.2 against WHO_GI_AI4H,coder_1
C3.3.3,WHO_GI_AI4H,NM,NM match for C3.3.3 against WHO_GI_AI4H,coder_1
C3.3.4,WHO_GI_AI4H,PM,PM match for C3.3.4 against WHO_GI_AI4H,coder_1
C3.3.5,WHO_GI_AI4H,NM,NM match for C3.3.5 against WHO_GI_AI4H,coder_1
C3.4.1,WHO_GI_AI4H,NM,NM match for C3.4.1 against WHO_GI_AI4H,coder_1
C3.4.2,WHO_GI_AI4H,PM,PM match for C3.4.2 against WHO_GI_AI4H,coder_1
C3.4.3,WHO_GI_AI4H,PM,PM match for C3.4.3 against WHO_GI_AI4H,coder_1
C3.4.4,WHO_GI_AI4H,EM,EM match for C3.4.4 against WHO_GI_AI4H,coder_1
C3.4.5,WHO_GI_AI4H,NM,NM match for C3.4.5 against WHO_GI_AI4H,coder_1
C3.5.1,WHO_GI_AI4H,NM,NM match for C3.5.1 against WHO_GI_AI4H,coder_1
C3.5.2,WHO_GI_AI4H,NM,NM match for C3.5.2 against WHO_GI_AI4H,coder_1
C3.5.3,WHO_GI_AI4H,NM,NM match for C3.5.3 against WHO_GI_AI4H,coder_1
C3.5.4,WHO_GI_AI4H,NM,NM match for C3.5.4 against WHO_GI_AI4H,coder_1
C3.5.5,WHO_GI_AI4H,PM,PM match for C3.5.5 against WHO_GI_AI4H,coder_1
C3.6.1,WHO_GI_AI4H,PM,PM match for C3.6.1 against WHO_GI_AI4H,coder_1
C3.6.2,WHO_GI_AI4H,NM,NM match for C3.6.2 against WHO_GI_AI4H,coder_1
C3.6.3,WHO_GI_AI4H,NM,NM match for C3.6.3 against WHO_GI_AI4H,coder_1
C3.6.4,WHO_GI_AI4H,NM,NM match for C3.6.4 against WHO_GI_AI4H,coder_1
C3.6.5,WHO_GI_AI4H,PM,PM match for C3.6.5 against WHO_GI_AI4H,coder_1
C3.7.1,WHO_GI_AI4H,PM,PM match for C3.7.1 against WHO_GI_AI4H,coder_1
C3.7.2,WHO_GI_AI4H,NM,NM match for C3.7.2 against WHO_GI_AI4H,coder_1
C3.7.3,WHO_GI_AI4H,NM,NM match for C3.7.3 against WHO_GI_AI4H,coder_1
C3.7.4,WHO_GI_AI4H,PM,PM match for C3.7.4 against WHO_GI_AI4H,coder_1
C3.7.5,WHO_GI_AI4H,NM,NM match for C3.7.5 against WHO_GI_AI4H,coder_1
C4.1.1,WHO_GI_AI4H,PM,PM match for C4.1.1 against WHO_GI_AI4H,coder_1
C4.1.2,WHO_GI_AI4H,NM,NM match for C4.1.2 against WHO_GI_AI4H,coder_1
C4.1.3,WHO_GI_AI4H,PM,PM match for C4.1.3 against WHO_GI_AI4H,coder_1
C4.1.4,WHO_GI_AI4H,PM,PM match for C4.1.4 against WHO_GI_AI4H,coder_1
C4.1.5,WHO_GI_AI4H,EM,EM match for C4.1.5 against WHO_GI_AI4H,coder_1
C4.2.1,WHO_GI_AI4H,NM,NM match for C4.2.1 against WHO_GI_AI4H,coder_1
C4.2.2,WHO_GI_AI4H,NM,NM match for C4.2.2 against WHO_GI_AI4H,coder_1
C4.2.3,WHO_GI_AI4H,NM,NM match for C4.2.3 against WHO_GI_AI4H,coder_1
C4.2.4,WHO_GI_AI4H,NM,NM match for C4.2.4 against WHO_GI_AI4H,coder_1
C4.2.5,WHO_GI_AI4H,NM,NM match for C4.2.5 against WHO_GI_AI4H,coder_1
C4.3.1,WHO_GI_AI4H,NM,NM match for C4.3.1 against WHO_GI_AI4H,coder_1
C4.3.2,WHO_GI_AI4H,PM,PM match for C4.3.2 against WHO_GI_AI4H,coder_1
C4.3.3,WHO_GI_AI4H,EM,EM match for C4.3.3 against WHO_GI_AI4H,coder_1
C4.3.4,WHO_GI_AI4H,NM,NM match for C4.3.4 against WHO_GI_AI4H,coder_1
C4.3.5,WHO_GI_AI4H,NM,NM match for C4.3.5 against WHO_GI_AI4H,coder_1
C4.4.1,WHO_GI_AI4H,NM,NM match for C4.4.1 against WHO_GI_AI4H,coder_1
C4.4.2,WHO_GI_AI4H,NM,NM match for C4.4.2 against WHO_GI_AI4H,coder_1
C4.4.3,WHO_GI_AI4H,EM,EM match for C4.4.3 against WHO_GI_AI4H,coder_1
C4.4.4,WHO_GI_AI4H,PM,PM match for C4.4.4 against WHO_GI_AI4H,coder_1
C4.4.5,WHO_GI_AI4H,NM,NM match for C4.4.5 against WHO_GI_AI4H,coder_1
C4.5.1,WHO_GI_AI4H,NM,NM match for C4.5.1 against WHO_GI_AI4H,coder_1
C4.5.2,WHO_GI_AI4H,NM,NM match for C4.5.2 against WHO_GI_AI4H,coder_1
C4.5.3,WHO_GI_AI4H,PM,PM match for C4.5.3 against WHO_GI_AI4H,coder_1
C4.5.4,WHO_GI_AI4H,NM,NM match for C4.5.4 against WHO_GI_AI4H,coder_1
C4.5.5,WHO_GI_AI4H,NM,NM match for C4.5.5 against WHO_GI_AI4H,coder_1
C4.6.1,WHO_GI_AI4H,NM,NM match for C4.6.1 against WHO_GI_AI4H,coder_1
C4.6.2,WHO_GI_AI4H,PM,PM match for C4.6.2 against WHO_GI_AI4H,coder_1
C4.6.3,WHO_GI_AI4H,NM,NM match for C4.6.3 against WHO_GI_AI4H,coder_1
C4.6.4,WHO_GI_AI4H,PM,PM match for C4.6.4 against WHO_GI_AI4H,coder_1
C4.6.5,WHO_GI_AI4H,NM,NM match for C4.6.5 against WHO_GI_AI4H,coder_1
C4.7.1,WHO_GI_AI4H,NM,NM match for C4.7.1 against WHO_GI_AI4H,coder_1
C4.7.2,WHO_GI_AI4H,NM,NM match for C4.7.2 against WHO_GI_AI4H,coder_1
C4.7.3,WHO_GI_AI4H,NM,NM match for C4.7.3 against WHO_GI_AI4H,coder_1
C4.7.4,WHO_GI_AI4H,NM,NM match for C4.7.4 against WHO_GI_AI4H,coder_1
C4.7.5,WHO_GI_AI4H,NM,NM match for C4.7.5 against WHO_GI_AI4H,coder_1
C4.8.1,WHO_GI_AI4H,EM,EM match for C4.8.1 against WHO_GI_AI4H,coder_1
C4.8.2,WHO_GI_AI4H,NM,NM match for C4.8.2 against WHO_GI_AI4H,coder_1
C4.8.3,WHO_GI_AI4H,NM,NM match for C4.8.3 against WHO_GI_AI4H,coder_1
C5.1.1,WHO_GI_AI4H,NM,NM match for C5.1.1 against WHO_GI_AI4H,coder_1
C5.1.2,WHO_GI_AI4H,PM,PM match for C5.1.2 against WHO_GI_AI4H,coder_1
C5.1.3,WHO_GI_AI4H,PM,PM match for C5.1.3 against WHO_GI_AI4H,coder_1
C5.1.4,WHO_GI_AI4H,PM,PM match for C5.1.4 against WHO_GI_AI4H,coder_1
C5.1.5,WHO_GI_AI4H,PM,PM match for C5.1.5 against WHO_GI_AI4H,coder_1
C5.2.1,WHO_GI_AI4H,NM,NM match for C5.2.1 against WHO_GI_AI4H,coder_1
C5.2.2,WHO_GI_AI4H,PM,PM match for C5.2.2 against WHO_GI_AI4H,coder_1
C5.2.3,WHO_GI_AI4H,PM,PM match for C5.2.3 against WHO_GI_AI4H,coder_1
C5.2.4,WHO_GI_AI4H,NM,NM match for C5.2.4 against WHO_GI_AI4H,coder_1
C5.2.5,WHO_GI_AI4H,NM,NM match for C5.2.5 against WHO_GI_AI4H,coder_1
C5.3.1,WHO_GI_AI4H,EM,EM match for C5.3.1 against WHO_GI_AI4H,coder_1
C5.3.2,WHO_GI_AI4H,PM,PM match for C5.3.2 against WHO_GI_AI4H,coder_1
C5.3.3,WHO_GI_AI4H,PM,PM match for C5.3.3 against WHO_GI_AI4H,coder_1
C5.3.4,WHO_GI_AI4H,PM,PM match for C5.3.4 against WHO_GI_AI4H,coder_1
C5.3.5,WHO_GI_AI4H,NM,NM match for C5.3.5 against WHO_GI_AI4H,coder_1
C5.4.1,WHO_GI_AI4H,NM,NM match for C5.4.1 against WHO_GI_AI4H,coder_1
C5.4.2,WHO_GI_AI4H,EM,EM match for C5.4.2 against WHO_GI_AI4H,coder_1
C5.4.3,WHO_GI_AI4H,NM,NM match for C5.4.3 against WHO_GI_AI4H,coder_1
C5.4.4,WHO_GI_AI4H,PM,PM match for C5.4.4 against WHO_GI_AI4H,coder_1
C5.4.5,WHO_GI_AI4H,NM,NM match for C5.4.5 against WHO_GI_AI4H,coder_1
C5.5.1,WHO_GI_AI4H,NM,NM match for C5.5.1 against WHO_GI_AI4H,coder_1
C5.5.2,WHO_GI_AI4H,NM,NM match for C5.5.2 against WHO_GI_AI4H,coder_1
C5.5.3,WHO_GI_AI4H,NM,NM match for C5.5.3 against WHO_GI_AI4H,coder_1
C5.5.4,WHO_GI_AI4H,EM,EM match for C5.5.4 against WHO_GI_AI4H,coder_1
C5.5.5,WHO_GI_AI4H,PM,PM match for C5.5.5 against WHO_GI_AI4H,coder_1
C5.6.1,WHO_GI_AI4H,NM,NM match for C5.6.1 against WHO_GI_AI4H,coder_1
C5.6.2,WHO_GI_AI4H,PM,PM match for C5.6.2 against WHO_GI_AI4H,coder_1
C5.6.3,WHO_GI_AI4H,PM,PM match for C5.6.3 against WHO_GI_AI4H,coder_1
C5.6.4,WHO_GI_AI4H,NM,NM match for C5.6.4 against WHO_GI_AI4H,coder_1
C5.6.5,WHO_GI_AI4H,EM,EM match for C5.6.5 against WHO_GI_AI4H,coder_1
C6.1.1,WHO_GI_AI4H,NM,NM match for C6.1.1 against WHO_GI_AI4H,coder_1
C6.1.2,WHO_GI_AI4H,NM,NM match for C6.1.2 against WHO_GI_AI4H,coder_1
C6.1.3,WHO_GI_AI4H,NM,NM match for C6.1.3 against WHO_GI_AI4H,coder_1
C6.1.4,WHO_GI_AI4H,NM,NM match for C6.1.4 against WHO_GI_AI4H,coder_1
C6.1.5,WHO_GI_AI4H,PM,PM match for C6.1.5 against WHO_GI_AI4H,coder_1
C6.2.1,WHO_GI_AI4H,NM,NM match for C6.2.1 against WHO_GI_AI4H,coder_1
C6.2.2,WHO_GI_AI4H,NM,NM match for C6.2.2 against WHO_GI_AI4H,coder_1
C6.2.3,WHO_GI_AI4H,NM,NM match for C6.2.3 against WHO_GI_AI4H,coder_1
C6.2.4,WHO_GI_AI4H,NM,NM match for C6.2.4 against WHO_GI_AI4H,coder_1
C6.2.5,WHO_GI_AI4H,EM,EM match for C6.2.5 against WHO_GI_AI4H,coder_1
C6.3.1,WHO_GI_AI4H,PM,PM match for C6.3.1 against WHO_GI_AI4H,coder_1
C6.3.2,WHO_GI_AI4H,EM,EM match for C6.3.2 against WHO_GI_AI4H,coder_1
C6.3.3,WHO_GI_AI4H,PM,PM match for C6.3.3 against WHO_GI_AI4H,coder_1
C6.3.4,WHO_GI_AI4H,NM,NM match for C6.3.4 against WHO_GI_AI4H,coder_1
C6.3.5,WHO_GI_AI4H,NM,NM match for C6.3.5 against WHO_GI_AI4H,coder_1
C6.4.1,WHO_GI_AI4H,EM,EM match for C6.4.1 against WHO_GI_AI4H,coder_1
C6.4.2,WHO_GI_AI4H,NM,NM match for C6.4.2 against WHO_GI_AI4H,coder_1
C6.4.3,WHO_GI_AI4H,NM,NM match for C6.4.3 against WHO_GI_AI4H,coder_1
C6.4.4,WHO_GI_AI4H,PM,PM match for C6.4.4 against WHO_GI_AI4H,coder_1
C6.4.5,WHO_GI_AI4H,PM,PM match for C6.4.5 against WHO_GI_AI4H,coder_1
C6.5.1,WHO_GI_AI4H,NM,NM match for C6.5.1 against WHO_GI_AI4H,coder_1
C6.5.2,WHO_GI_AI4H,PM,PM match for C6.5.2 against WHO_GI_AI4H,coder_1
C6.5.3,WHO_GI_AI4H,PM,PM match for C6.5.3 against WHO_GI_AI4H,coder_1
C6.5.4,WHO_GI_AI4H,PM,PM match for C6.5.4 against WHO_GI_AI4H,coder_1
C6.5.5,WHO_GI_AI4H,PM,PM match for C6.5.5 against WHO_GI_AI4H,coder_1
C6.6.1,WHO_GI_AI4H,NM,NM match for C6.6.1 against WHO_GI_AI4H,coder_1
C6.6.2,WHO_GI_AI4H,PM,PM match for C6.6.2 against WHO_GI_AI4H,coder_1
C6.6.3,WHO_GI_AI4H,NM,NM match for C6.6.3 against WHO_GI_AI4H,coder_1
C6.6.4,WHO_GI_AI4H,NM,NM match for C6.6.4 against WHO_GI_AI4H,coder_1
C6.6.5,WHO_GI_AI4H,NM,NM match for C6.6.5 against WHO_GI_AI4H,coder_1
C6.7.1,WHO_GI_AI4H,NM,NM match for C6.7.1 against WHO_GI_AI4H,coder_1
C6.7.2,WHO_GI_AI4H,PM,PM match for C6.7.2 against WHO_GI_AI4H,coder_1
C6.7.3,WHO_GI_AI4H,NM,NM match for C6.7.3 against WHO_GI_AI4H,coder_1
C6.7.4,WHO_GI_AI4H,PM,PM match for C6.7.4 against WHO_GI_AI4H,coder_1
C6.7.5,WHO_GI_AI4H,NM,NM match for C6.7.5 against WHO_GI_AI4H,coder_1
C7.1.1,WHO_GI_AI4H,NM,NM match for C7.1.1 against WHO_GI_AI4H,coder_1
C7.1.2,WHO_GI_AI4H,EM,EM match for C7.1.2 against WHO_GI_AI4H,coder_1
C7.1.3,WHO_GI_AI4H,NM,NM match for C7.1.3 against WHO_GI_AI4H,coder_1
C7.1.4,WHO_GI_AI4H,PM,PM match for C7.1.4 against WHO_GI_AI4H,coder_1
C7.1.5,WHO_GI_AI4H,EM,EM match for C7.1.5 against WHO_GI_AI4H,coder_1
C7.2.1,WHO_GI_AI4H,NM,NM match for C7.2.1 against WHO_GI_AI4H,coder_1
C7.2.2,WHO_GI_AI4H,EM,EM match for C7.2.2 against WHO_GI_AI4H,coder_1
C7.2.3,WHO_GI_AI4H,NM,NM match for C7.2.3 against WHO_GI_AI4H,coder_1
C7.2.4,WHO_GI_AI4H,PM,PM match for C7.2.4 against WHO_GI_AI4H,coder_1
C7.2.5,WHO_GI_AI4H,PM,PM match for C7.2.5 against WHO_GI_AI4H,coder_1
C7.3.1,WHO_GI_AI4H,NM,NM match for C7.3.1 against WHO_GI_AI4H,coder_1
C7.3.2,WHO_GI_AI4H,PM,PM match for C7.3.2 against WHO_GI_AI4H,coder_1
C7.3.3,WHO_GI_AI4H,PM,PM match for C7.3.3 against WHO_GI_AI4H,coder_1
C7.3.4,WHO_GI_AI4H,NM,NM match for C7.3.4 against WHO_GI_AI4H,coder_1
C7.3.5,WHO_GI_AI4H,NM,NM match for C7.3.5 against WHO_GI_AI4H,coder_1
C7.4.1,WHO_GI_AI4H,NM,NM match for C7.4.1 against WHO_GI_AI4H,coder_1
C7.4.2,WHO_GI_AI4H,NM,NM match for C7.4.2 against WHO_GI_AI4H,coder_1
C7.4.3,WHO_GI_AI4H,EM,EM match for C7.4.3 against WHO_GI_AI4H,coder_1
C7.4.4,WHO_GI_AI4H,NM,NM match for C7.4.4 against WHO_GI_AI4H,coder_1
C7.4.5,WHO_GI_AI4H,NM,NM match for C7.4.5 against WHO_GI_AI4H,coder_1
C7.5.1,WHO_GI_AI4H,NM,NM match for C7.5.1 against WHO_GI_AI4H,coder_1
C7.5.2,WHO_GI_AI4H,NM,NM match for C7.5.2 against WHO_GI_AI4H,coder_1
C7.5.3,WHO_GI_AI4H,NM,NM match for C7.5.3 against WHO_GI_AI4H,coder_1
C7.5.4,WHO_GI_AI4H,PM,PM match for C7.5.4 against WHO_GI_AI4H,coder_1
C7.5.5,WHO_GI_AI4H,NM,NM match for C7.5.5 against WHO_GI_AI4H,coder_1
C7.6.1,WHO_GI_AI4H,NM,NM match for C7.6.1 against WHO_GI_AI4H,coder_1
C7.6.2,WHO_GI_AI4H,NM,NM match for C7.6.2 against WHO_GI_AI4H,coder_1
C7.6.3,WHO_GI_AI4H,EM,EM match for C7.6.3 against WHO_GI_AI4H,coder_1
C7.6.4,WHO_GI_AI4H,NM,NM match for C7.6.4 against WHO_GI_AI4H,coder_1
C7.6.5,WHO_GI_AI4H,NM,NM match for C7.6.5 against WHO_GI_AI4H,coder_1
C7.7.1,WHO_GI_AI4H,NM,NM match for C7.7.1 against WHO_GI_AI4H,coder_1
C7.7.2,WHO_GI_AI4H,EM,EM match for C7.7.2 against WHO_GI_AI4H,coder_1
C7.7.3,WHO_GI_AI4H,PM,PM match for C7.7.3 against WHO_GI_AI4H,coder_1
C7.7.4,WHO_GI_AI4H,NM,NM match for C7.7.4 against WHO_GI_AI4H,coder_1
C7.7.5,WHO_GI_AI4H,PM,PM match for C7.7.5 against WHO_GI_AI4H,coder_1
C8.1.1,WHO_GI_AI4H,NM,NM match for C8.1.1 against WHO_GI_AI4H,coder_1
C8.1.2,WHO_GI_AI4H,EM,EM match for C8.1.2 against WHO_GI_AI4H,coder_1
C8.1.3,WHO_GI_AI4H,PM,PM match for C8.1.3 against WHO_GI_AI4H,coder_1
C8.1.4,WHO_GI_AI4H,PM,PM match for C8.1.4 against WHO_GI_AI4H,coder_1
C8.1.5,WHO_GI_AI4H,PM,PM match for C8.1.5 against WHO_GI_AI4H,coder_1
C8.2.1,WHO_GI_AI4H,EM,EM match for C8.2.1 against WHO_GI_AI4H,coder_1
C8.2.2,WHO_GI_AI4H,PM,PM match for C8.2.2 against WHO_GI_AI4H,coder_1
C8.2.3,WHO_GI_AI4H,NM,NM match for C8.2.3 against WHO_GI_AI4H,coder_1
C8.2.4,WHO_GI_AI4H,EM,EM match for C8.2.4 against WHO_GI_AI4H,coder_1
C8.2.5,WHO_GI_AI4H,NM,NM match for C8.2.5 against WHO_GI_AI4H,coder_1
C8.3.1,WHO_GI_AI4H,PM,PM match for C8.3.1 against WHO_GI_AI4H,coder_1
C8.3.2,WHO_GI_AI4H,NM,NM match for C8.3.2 against WHO_GI_AI4H,coder_1
C8.3.3,WHO_GI_AI4H,NM,NM match for C8.3.3 against WHO_GI_AI4H,coder_1
C8.3.4,WHO_GI_AI4H,NM,NM match for C8.3.4 against WHO_GI_AI4H,coder_1
C8.3.5,WHO_GI_AI4H,PM,PM match for C8.3.5 against WHO_GI_AI4H,coder_1
C8.4.1,WHO_GI_AI4H,NM,NM match for C8.4.1 against WHO_GI_AI4H,coder_1
C8.4.2,WHO_GI_AI4H,EM,EM match for C8.4.2 against WHO_GI_AI4H,coder_1
C8.4.3,WHO_GI_AI4H,PM,PM match for C8.4.3 against WHO_GI_AI4H,coder_1
C8.4.4,WHO_GI_AI4H,PM,PM match for C8.4.4 against WHO_GI_AI4H,coder_1
C8.4.5,WHO_GI_AI4H,NM,NM match for C8.4.5 against WHO_GI_AI4H,coder_1
C8.5.1,WHO_GI_AI4H,NM,NM match for C8.5.1 against WHO_GI_AI4H,coder_1
C8.5.2,WHO_GI_AI4H,NM,NM match for C8.5.2 against WHO_GI_AI4H,coder_1
C8.5.3,WHO_GI_AI4H,NM,NM match for C8.5.3 against WHO_GI_AI4H,coder_1
C8.5.4,WHO_GI_AI4H,NM,NM match for C8.5.4 against WHO_GI_AI4H,coder_1
C8.5.5,WHO_GI_AI4H,PM,PM match for C8.5.5 against WHO_GI_AI4H,coder_1
C8.6.1,WHO_GI_AI4H,PM,PM match for C8.6.1 against WHO_GI_AI4H,coder_1
C8.6.2,WHO_GI_AI4H,PM,PM match for C8.6.2 against WHO_GI_AI4H,coder_1
C8.6.3,WHO_GI_AI4H,PM,PM match for C8.6.3 against WHO_GI_AI4H,coder_1
C8.6.4,WHO_GI_AI4H,PM,PM match for C8.6.4 against WHO_GI_AI4H,coder_1
C8.6.5,WHO_GI_AI4H,PM,PM match for C8.6.5 against WHO_GI_AI4H,coder_1
C8.7.1,WHO_GI_AI4H,PM,PM match for C8.7.1 against WHO_GI_AI4H,coder_1
C8.7.2,WHO_GI_AI4H,PM,PM match for C8.7.2 against WHO_GI_AI4H,coder_1
C8.7.3,WHO_GI_AI4H,PM,PM match for C8.7.3 against WHO_GI_AI4H,coder_1
C8.7.4,WHO_GI_AI4H,PM,PM match for C8.7.4 against WHO_GI_AI4H,coder_1
C8.7.5,WHO_GI_AI4H,NM,NM match for C8.7.5 against WHO_GI_AI4H,coder_1
C8.8.1,WHO_GI_AI4H,NM,NM match for C8.8.1 against WHO_GI_AI4H,coder_1
C8.8.2,WHO_GI_AI4H,PM,PM match for C8.8.2 against WHO_GI_AI4H,coder_1
C8.8.3,WHO_GI_AI4H,NM,NM match for C8.8.3 against WHO_GI_AI4H,coder_1
C8.8.4,WHO_GI_AI4H,NM,NM match for C8.8.4 against WHO_GI_AI4H,coder_1
C8.8.5,WHO_GI_AI4H,PM,PM match for C8.8.5 against WHO_GI_AI4H,coder_1
C8.9.1,WHO_GI_AI4H,NM,NM match for C8.9.1 against WHO_GI_AI4H,coder_1
C8.9.2,WHO_GI_AI4H,PM,PM match for C8.9.2 against WHO_GI_AI4H,coder_1
C1.1.1,ISO_42001,PM,PM match for C1.1.1 against ISO_42001,coder_1
C1.1.2,ISO_42001,NM,NM match for C1.1.2 against ISO_42001,coder_1
C1.1.3,ISO_42001,NM,NM match for C1.1.3 against ISO_42001,coder_1
C1.1.4,ISO_42001,PM,PM match for C1.1.4 against ISO_42001,coder_1
C1.1.5,ISO_42001,EM,EM match for C1.1.5 against ISO_42001,coder_1
C1.2.1,ISO_42001,PM,PM match for C1.2.1 against ISO_42001,coder_1
C1.2.2,ISO_42001,NM,NM match for C1.2.2 against ISO_42001,coder_1
C1.2.3,ISO_42001,EM,EM match for C1.2.3 against ISO_42001,coder_1
C1.2.4,ISO_42001,PM,PM match for C1.2.4 against ISO_42001,coder_1
C1.2.5,ISO_42001,PM,PM match for C1.2.5 against ISO_42001,coder_1
C1.3.1,ISO_42001,EM,EM match for C1.3.1 against ISO_42001,coder_1
C1.3.2,ISO_42001,PM,PM match for C1.3.2 against ISO_42001,coder_1
C1.3.3,ISO_42001,NM,NM match for C1.3.3 against ISO_42001,coder_1
C1.3.4,ISO_42001,NM,NM match for C1.3.4 against ISO_42001,coder_1
C1.3.5,ISO_42001,NM,NM match for C1.3.5 against ISO_42001,coder_1
C1.4.1,ISO_42001,PM,PM match for C1.4.1 against ISO_42001,coder_1
C1.4.2,ISO_42001,EM,EM match for C1.4.2 against ISO_42001,coder_1
C1.4.3,ISO_42001,EM,EM match for C1.4.3 against ISO_42001,coder_1
C1.4.4,ISO_42001,EM,EM match for C1.4.4 against ISO_42001,coder_1
C1.4.5,ISO_42001,EM,EM match for C1.4.5 against ISO_42001,coder_1
C1.5.1,ISO_42001,EM,EM match for C1.5.1 against ISO_42001,coder_1
C1.5.2,ISO_42001,PM,PM match for C1.5.2 against ISO_42001,coder_1
C1.5.3,ISO_42001,PM,PM match for C1.5.3 against ISO_42001,coder_1
C1.5.4,ISO_42001,EM,EM match for C1.5.4 against ISO_42001,coder_1
C1.5.5,ISO_42001,NM,NM match for C1.5.5 against ISO_42001,coder_1
C1.6.1,ISO_42001,NM,NM match for C1.6.1 against ISO_42001,coder_1
C1.6.2,ISO_42001,EM,EM match for C1.6.2 against ISO_42001,coder_1
C1.6.3,ISO_42001,NM,NM match for C1.6.3 against ISO_42001,coder_1
C1.6.4,ISO_42001,NM,NM match for C1.6.4 against ISO_42001,coder_1
C1.6.5,ISO_42001,PM,PM match for C1.6.5 against ISO_42001,coder_1
C2.1.1,ISO_42001,EM,EM match for C2.1.1 against ISO_42001,coder_1
C2.1.2,ISO_42001,PM,PM match for C2.1.2 against ISO_42001,coder_1
C2.1.3,ISO_42001,NM,NM match for C2.1.3 against ISO_42001,coder_1
C2.1.4,ISO_42001,NM,NM match for C2.1.4 against ISO_42001,coder_1
C2.1.5,ISO_42001,PM,PM match for C2.1.5 against ISO_42001,coder_1
C2.2.1,ISO_42001,EM,EM match for C2.2.1 against ISO_42001,coder_1
C2.2.2,ISO_42001,EM,EM match for C2.2.2 against ISO_42001,coder_1
C2.2.3,ISO_42001,EM,EM match for C2.2.3 against ISO_42001,coder_1
C2.2.4,ISO_42001,PM,PM match for C2.2.4 against ISO_42001,coder_1
C2.2.5,ISO_42001,PM,PM match for C2.2.5 against ISO_42001,coder_1
C2.3.1,ISO_42001,PM,PM match for C2.3.1 against ISO_42001,coder_1
C2.3.2,ISO_42001,PM,PM match for C2.3.2 against ISO_42001,coder_1
C2.3.3,ISO_42001,PM,PM match for C2.3.3 against ISO_42001,coder_1
C2.3.4,ISO_42001,PM,PM match for C2.3.4 against ISO_42001,coder_1
C2.3.5,ISO_42001,PM,PM match for C2.3.5 against ISO_42001,coder_1
C2.4.1,ISO_42001,EM,EM match for C2.4.1 against ISO_42001,coder_1
C2.4.2,ISO_42001,NM,NM match for C2.4.2 against ISO_42001,coder_1
C2.4.3,ISO_42001,NM,NM match for C2.4.3 against ISO_42001,coder_1
C2.4.4,ISO_42001,PM,PM match for C2.4.4 against ISO_42001,coder_1
C2.4.5,ISO_42001,PM,PM match for C2.4.5 against ISO_42001,coder_1
C2.5.1,ISO_42001,PM,PM match for C2.5.1 against ISO_42001,coder_1
C2.5.2,ISO_42001,EM,EM match for C2.5.2 against ISO_42001,coder_1
C2.5.3,ISO_42001,EM,EM match for C2.5.3 against ISO_42001,coder_1
C2.5.4,ISO_42001,PM,PM match for C2.5.4 against ISO_42001,coder_1
C2.5.5,ISO_42001,PM,PM match for C2.5.5 against ISO_42001,coder_1
C2.6.1,ISO_42001,PM,PM match for C2.6.1 against ISO_42001,coder_1
C2.6.2,ISO_42001,EM,EM match for C2.6.2 against ISO_42001,coder_1
C2.6.3,ISO_42001,NM,NM match for C2.6.3 against ISO_42001,coder_1
C2.6.4,ISO_42001,PM,PM match for C2.6.4 against ISO_42001,coder_1
C2.6.5,ISO_42001,PM,PM match for C2.6.5 against ISO_42001,coder_1
C2.7.1,ISO_42001,PM,PM match for C2.7.1 against ISO_42001,coder_1
C2.7.2,ISO_42001,EM,EM match for C2.7.2 against ISO_42001,coder_1
C2.7.3,ISO_42001,EM,EM match for C2.7.3 against ISO_42001,coder_1
C2.7.4,ISO_42001,NM,NM match for C2.7.4 against ISO_42001,coder_1
C3.1.1,ISO_42001,PM,PM match for C3.1.1 against ISO_42001,coder_1
C3.1.2,ISO_42001,NM,NM match for C3.1.2 against ISO_42001,coder_1
C3.1.3,ISO_42001,PM,PM match for C3.1.3 against ISO_42001,coder_1
C3.1.4,ISO_42001,EM,EM match for C3.1.4 against ISO_42001,coder_1
C3.1.5,ISO_42001,PM,PM match for C3.1.5 against ISO_42001,coder_1
C3.2.1,ISO_42001,PM,PM match for C3.2.1 against ISO_42001,coder_1
C3.2.2,ISO_42001,EM,EM match for C3.2.2 against ISO_42001,coder_1
C3.2.3,ISO_42001,NM,NM match for C3.2.3 against ISO_42001,coder_1
C3.2.4,ISO_42001,EM,EM match for C3.2.4 against ISO_42001,coder_1
C3.2.5,ISO_42001,EM,EM match for C3.2.5 against ISO_42001,coder_1
C3.3.1,ISO_42001,PM,PM match for C3.3.1 against ISO_42001,coder_1
C3.3.2,ISO_42001,PM,PM match for C3.3.2 against ISO_42001,coder_1
C3.3.3,ISO_42001,PM,PM match for C3.3.3 against ISO_42001,coder_1
C3.3.4,ISO_42001,NM,NM match for C3.3.4 against ISO_42001,coder_1
C3.3.5,ISO_42001,PM,PM match for C3.3.5 against ISO_42001,coder_1
C3.4.1,ISO_42001,EM,EM match for C3.4.1 against ISO_42001,coder_1
C3.4.2,ISO_42001,PM,PM match for C3.4.2 against ISO_42001,coder_1
C3.4.3,ISO_42001,NM,NM match for C3.4.3 against ISO_42001,coder_1
C3.4.4,ISO_42001,NM,NM match for C3.4.4 against ISO_42001,coder_1
C3.4.5,ISO_42001,PM,PM match for C3.4.5 against ISO_42001,coder_1
C3.5.1,ISO_42001,EM,EM match for C3.5.1 against ISO_42001,coder_1
C3.5.2,ISO_42001,PM,PM match for C3.5.2 against ISO_42001,coder_1
C3.5.3,ISO_42001,PM,PM match for C3.5.3 against ISO_42001,coder_1
C3.5.4,ISO_42001,PM,PM match for C3.5.4 against ISO_42001,coder_1
C3.5.5,ISO_42001,PM,PM match for C3.5.5 against ISO_42001,coder_1
C3.6.1,ISO_42001,PM,PM match for C3.6.1 against ISO_42001,coder_1
C3.6.2,ISO_42001,EM,EM match for C3.6.2 against ISO_42001,coder_1
C3.6.3,ISO_42001,EM,EM match for C3.6.3 against ISO_42001,coder_1
C3.6.4,ISO_42001,NM,NM match for C3.6.4 against ISO_42001,coder_1
C3.6.5,ISO_42001,NM,NM match for C3.6.5 against ISO_42001,coder_1
C3.7.1,ISO_42001,PM,PM match for C3.7.1 against ISO_42001,coder_1
C3.7.2,ISO_42001,NM,NM match for C3.7.2 against ISO_42001,coder_1
C3.7.3,ISO_42001,PM,PM match for C3.7.3 against ISO_42001,coder_1
C3.7.4,ISO_42001,PM,PM match for C3.7.4 against ISO_42001,coder_1
C3.7.5,ISO_42001,PM,PM match for C3.7.5 against ISO_42001,coder_1
C4.1.1,ISO_42001,EM,EM match for C4.1.1 against ISO_42001,coder_1
C4.1.2,ISO_42001,EM,EM match for C4.1.2 against ISO_42001,coder_1
C4.1.3,ISO_42001,NM,NM match for C4.1.3 against ISO_42001,coder_1
C4.1.4,ISO_42001,NM,NM match for C4.1.4 against ISO_42001,coder_1
C4.1.5,ISO_42001,PM,PM match for C4.1.5 against ISO_42001,coder_1
C4.2.1,ISO_42001,NM,NM match for C4.2.1 against ISO_42001,coder_1
C4.2.2,ISO_42001,EM,EM match for C4.2.2 against ISO_42001,coder_1
C4.2.3,ISO_42001,PM,PM match for C4.2.3 against ISO_42001,coder_1
C4.2.4,ISO_42001,PM,PM match for C4.2.4 against ISO_42001,coder_1
C4.2.5,ISO_42001,PM,PM match for C4.2.5 against ISO_42001,coder_1
C4.3.1,ISO_42001,PM,PM match for C4.3.1 against ISO_42001,coder_1
C4.3.2,ISO_42001,NM,NM match for C4.3.2 against ISO_42001,coder_1
C4.3.3,ISO_42001,NM,NM match for C4.3.3 against ISO_42001,coder_1
C4.3.4,ISO_42001,EM,EM match for C4.3.4 against ISO_42001,coder_1
C4.3.5,ISO_42001,NM,NM match for C4.3.5 against ISO_42001,coder_1
C4.4.1,ISO_42001,NM,NM match for C4.4.1 against ISO_42001,coder_1
C4.4.2,ISO_42001,EM,EM match for C4.4.2 against ISO_42001,coder_1
C4.4.3,ISO_42001,NM,NM match for C4.4.3 against ISO_42001,coder_1
C4.4.4,ISO_42001,NM,NM match for C4.4.4 against ISO_42001,coder_1
C4.4.5,ISO_42001,PM,PM match for C4.4.5 against ISO_42001,coder_1
C4.5.1,ISO_42001,EM,EM match for C4.5.1 against ISO_42001,coder_1
C4.5.2,ISO_42001,EM,EM match for C4.5.2 against ISO_42001,coder_1
C4.5.3,ISO_42001,EM,EM match for C4.5.3 against ISO_42001,coder_1
C4.5.4,ISO_42001,NM,NM match for C4.5.4 against ISO_42001,coder_1
C4.5.5,ISO_42001,PM,PM match for C4.5.5 against ISO_42001,coder_1
C4.6.1,ISO_42001,PM,PM match for C4.6.1 against ISO_42001,coder_1
C4.6.2,ISO_42001,NM,NM match for C4.6.2 against ISO_42001,coder_1
C4.6.3,ISO_42001,EM,EM match for C4.6.3 against ISO_42001,coder_1
C4.6.4,ISO_42001,PM,PM match for C4.6.4 against ISO_42001,coder_1
C4.6.5,ISO_42001,EM,EM match for C4.6.5 against ISO_42001,coder_1
C4.7.1,ISO_42001,EM,EM match for C4.7.1 against ISO_42001,coder_1
C4.7.2,ISO_42001,EM,EM match for C4.7.2 against ISO_42001,coder_1
C4.7.3,ISO_42001,PM,PM match for C4.7.3 against ISO_42001,coder_1
C4.7.4,ISO_42001,NM,NM match for C4.7.4 against ISO_42001,coder_1
C4.7.5,ISO_42001,NM,NM match for C4.7.5 against ISO_42001,coder_1
C4.8.1,ISO_42001,EM,EM match for C4.8.1 against ISO_42001,coder_1
C4.8.2,ISO_42001,EM,EM match for C4.8.2 against ISO_42001,coder_1
C4.8.3,ISO_42001,EM,EM match for C4.8.3 against ISO_42001,coder_1
C5.1.1,ISO_42001,EM,EM match for C5.1.1 against ISO_42001,coder_1
C5.1.2,ISO_42001,NM,NM match for C5.1.2 against ISO_42001,coder_1
C5.1.3,ISO_42001,NM,NM match for C5.1.3 against ISO_42001,coder_1
C5.1.4,ISO_42001,PM,PM match for C5.1.4 against ISO_42001,coder_1
C5.1.5,ISO_42001,PM,PM match for C5.1.5 against ISO_42001,coder_1
C5.2.1,ISO_42001,EM,EM match for C5.2.1 against ISO_42001,coder_1
C5.2.2,ISO_42001,NM,NM match for C5.2.2 against ISO_42001,coder_1
C5.2.3,ISO_42001,NM,NM match for C5.2.3 against ISO_42001,coder_1
C5.2.4,ISO_42001,PM,PM match for C5.2.4 against ISO_42001,coder_1
C5.2.5,ISO_42001,NM,NM match for C5.2.5 against ISO_42001,coder_1
C5.3.1,ISO_42001,PM,PM match for C5.3.1 against ISO_42001,coder_1
C5.3.2,ISO_42001,EM,EM match for C5.3.2 against ISO_42001,coder_1
C5.3.3,ISO_42001,PM,PM match for C5.3.3 against ISO_42001,coder_1
C5.3.4,ISO_42001,PM,PM match for C5.3.4 against ISO_42001,coder_1
C5.3.5,ISO_42001,NM,NM match for C5.3.5 against ISO_42001,coder_1
C5.4.1,ISO_42001,PM,PM match for C5.4.1 against ISO_42001,coder_1
C5.4.2,ISO_42001,PM,PM match for C5.4.2 against ISO_42001,coder_1
C5.4.3,ISO_42001,EM,EM match for C5.4.3 against ISO_42001,coder_1
C5.4.4,ISO_42001,EM,EM match for C5.4.4 against ISO_42001,coder_1
C5.4.5,ISO_42001,EM,EM match for C5.4.5 against ISO_42001,coder_1
C5.5.1,ISO_42001,NM,NM match for C5.5.1 against ISO_42001,coder_1
C5.5.2,ISO_42001,NM,NM match for C5.5.2 against ISO_42001,coder_1
C5.5.3,ISO_42001,PM,PM match for C5.5.3 against ISO_42001,coder_1
C5.5.4,ISO_42001,EM,EM match for C5.5.4 against ISO_42001,coder_1
C5.5.5,ISO_42001,EM,EM match for C5.5.5 against ISO_42001,coder_1
C5.6.1,ISO_42001,EM,EM match for C5.6.1 against ISO_42001,coder_1
C5.6.2,ISO_42001,NM,NM match for C5.6.2 against ISO_42001,coder_1
C5.6.3,ISO_42001,PM,PM match for C5.6.3 against ISO_42001,coder_1
C5.6.4,ISO_42001,PM,PM match for C5.6.4 against ISO_42001,coder_1
C5.6.5,ISO_42001,PM,PM match for C5.6.5 against ISO_42001,coder_1
C6.1.1,ISO_42001,EM,EM match for C6.1.1 against ISO_42001,coder_1
C6.1.2,ISO_42001,EM,EM match for C6.1.2 against ISO_42001,coder_1
C6.1.3,ISO_42001,PM,PM match for C6.1.3 against ISO_42001,coder_1
C6.1.4,ISO_42001,EM,EM match for C6.1.4 against ISO_42001,coder_1
C6.1.5,ISO_42001,NM,NM match for C6.1.5 against ISO_42001,coder_1
C6.2.1,ISO_42001,PM,PM match for C6.2.1 against ISO_42001,coder_1
C6.2.2,ISO_42001,PM,PM match for C6.2.2 against ISO_42001,coder_1
C6.2.3,ISO_42001,NM,NM match for C6.2.3 against ISO_42001,coder_1
C6.2.4,ISO_42001,NM,NM match for C6.2.4 against ISO_42001,coder_1
C6.2.5,ISO_42001,NM,NM match for C6.2.5 against ISO_42001,coder_1
C6.3.1,ISO_42001,PM,PM match for C6.3.1 against ISO_42001,coder_1
C6.3.2,ISO_42001,NM,NM match for C6.3.2 against ISO_42001,coder_1
C6.3.3,ISO_42001,EM,EM match for C6.3.3 against ISO_42001,coder_1
C6.3.4,ISO_42001,PM,PM match for C6.3.4 against ISO_42001,coder_1
C6.3.5,ISO_42001,PM,PM match for C6.3.5 against ISO_42001,coder_1
C6.4.1,ISO_42001,PM,PM match for C6.4.1 against ISO_42001,coder_1
C6.4.2,ISO_42001,EM,EM match for C6.4.2 against ISO_42001,coder_1
C6.4.3,ISO_42001,NM,NM match for C6.4.3 against ISO_42001,coder_1
C6.4.4,ISO_42001,PM,PM match for C6.4.4 against ISO_42001,coder_1
C6.4.5,ISO_42001,PM,PM match for C6.4.5 against ISO_42001,coder_1
C6.5.1,ISO_42001,PM,PM match for C6.5.1 against ISO_42001,coder_1
C6.5.2,ISO_42001,EM,EM match for C6.5.2 against ISO_42001,coder_1
C6.5.3,ISO_42001,PM,PM match for C6.5.3 against ISO_42001,coder_1
C6.5.4,ISO_42001,NM,NM match for C6.5.4 against ISO_42001,coder_1
C6.5.5,ISO_42001,NM,NM match for C6.5.5 against ISO_42001,coder_1
C6.6.1,ISO_42001,NM,NM match for C6.6.1 against ISO_42001,coder_1
C6.6.2,ISO_42001,PM,PM match for C6.6.2 against ISO_42001,coder_1
C6.6.3,ISO_42001,PM,PM match for C6.6.3 against ISO_42001,coder_1
C6.6.4,ISO_42001,EM,EM match for C6.6.4 against ISO_42001,coder_1
C6.6.5,ISO_42001,PM,PM match for C6.6.5 against ISO_42001,coder_1
C6.7.1,ISO_42001,PM,PM match for C6.7.1 against ISO_42001,coder_1
C6.7.2,ISO_42001,EM,EM match for C6.7.2 against ISO_42001,coder_1
C6.7.3,ISO_42001,NM,NM match for C6.7.3 against ISO_42001,coder_1
C6.7.4,ISO_42001,PM,PM match for C6.7.4 against ISO_42001,coder_1
C6.7.5,ISO_42001,NM,NM match for C6.7.5 against ISO_42001,coder_1
C7.1.1,ISO_42001,NM,NM match for C7.1.1 against ISO_42001,coder_1
C7.1.2,ISO_42001,PM,PM match for C7.1.2 against ISO_42001,coder_1
C7.1.3,ISO_42001,PM,PM match for C7.1.3 against ISO_42001,coder_1
C7.1.4,ISO_42001,EM,EM match for C7.1.4 against ISO_42001,coder_1
C7.1.5,ISO_42001,PM,PM match for C7.1.5 against ISO_42001,coder_1
C7.2.1,ISO_42001,PM,PM match for C7.2.1 against ISO_42001,coder_1
C7.2.2,ISO_42001,PM,PM match for C7.2.2 against ISO_42001,coder_1
C7.2.3,ISO_42001,PM,PM match for C7.2.3 against ISO_42001,coder_1
C7.2.4,ISO_42001,PM,PM match for C7.2.4 against ISO_42001,coder_1
C7.2.5,ISO_42001,PM,PM match for C7.2.5 against ISO_42001,coder_1
C7.3.1,ISO_42001,PM,PM match for C7.3.1 against ISO_42001,coder_1
C7.3.2,ISO_42001,NM,NM match for C7.3.2 against ISO_42001,coder_1
C7.3.3,ISO_42001,EM,EM match for C7.3.3 against ISO_42001,coder_1
C7.3.4,ISO_42001,EM,EM match for C7.3.4 against ISO_42001,coder_1
C7.3.5,ISO_42001,PM,PM match for C7.3.5 against ISO_42001,coder_1
C7.4.1,ISO_42001,PM,PM match for C7.4.1 against ISO_42001,coder_1
C7.4.2,ISO_42001,EM,EM match for C7.4.2 against ISO_42001,coder_1
C7.4.3,ISO_42001,NM,NM match for C7.4.3 against ISO_42001,coder_1
C7.4.4,ISO_42001,NM,NM match for C7.4.4 against ISO_42001,coder_1
C7.4.5,ISO_42001,PM,PM match for C7.4.5 against ISO_42001,coder_1
C7.5.1,ISO_42001,EM,EM match for C7.5.1 against ISO_42001,coder_1
C7.5.2,ISO_42001,EM,EM match for C7.5.2 against ISO_42001,coder_1
C7.5.3,ISO_42001,PM,PM match for C7.5.3 against ISO_42001,coder_1
C7.5.4,ISO_42001,PM,PM match for C7.5.4 against ISO_42001,coder_1
C7.5.5,ISO_42001,NM,NM match for C7.5.5 against ISO_42001,coder_1
C7.6.1,ISO_42001,EM,EM match for C7.6.1 against ISO_42001,coder_1
C7.6.2,ISO_42001,PM,PM match for C7.6.2 against ISO_42001,coder_1
C7.6.3,ISO_42001,PM,PM match for C7.6.3 against ISO_42001,coder_1
C7.6.4,ISO_42001,NM,NM match for C7.6.4 against ISO_42001,coder_1
C7.6.5,ISO_42001,PM,PM match for C7.6.5 against ISO_42001,coder_1
C7.7.1,ISO_42001,PM,PM match for C7.7.1 against ISO_42001,coder_1
C7.7.2,ISO_42001,PM,PM match for C7.7.2 against ISO_42001,coder_1
C7.7.3,ISO_42001,PM,PM match for C7.7.3 against ISO_42001,coder_1
C7.7.4,ISO_42001,NM,NM match for C7.7.4 against ISO_42001,coder_1
C7.7.5,ISO_42001,NM,NM match for C7.7.5 against ISO_42001,coder_1
C8.1.1,ISO_42001,NM,NM match for C8.1.1 against ISO_42001,coder_1
C8.1.2,ISO_42001,NM,NM match for C8.1.2 against ISO_42001,coder_1
C8.1.3,ISO_42001,EM,EM match for C8.1.3 against ISO_42001,coder_1
C8.1.4,ISO_42001,EM,EM match for C8.1.4 against ISO_42001,coder_1
C8.1.5,ISO_42001,EM,EM match for C8.1.5 against ISO_42001,coder_1
C8.2.1,ISO_42001,EM,EM match for C8.2.1 against ISO_42001,coder_1
C8.2.2,ISO_42001,PM,PM match for C8.2.2 against ISO_42001,coder_1
C8.2.3,ISO_42001,NM,NM match for C8.2.3 against ISO_42001,coder_1
C8.2.4,ISO_42001,NM,NM match for C8.2.4 against ISO_42001,coder_1
C8.2.5,ISO_42001,PM,PM match for C8.2.5 against ISO_42001,coder_1
C8.3.1,ISO_42001,EM,EM match for C8.3.1 against ISO_42001,coder_1
C8.3.2,ISO_42001,NM,NM match for C8.3.2 against ISO_42001,coder_1
C8.3.3,ISO_42001,NM,NM match for C8.3.3 against ISO_42001,coder_1
C8.3.4,ISO_42001,EM,EM match for C8.3.4 against ISO_42001,coder_1
C8.3.5,ISO_42001,PM,PM match for C8.3.5 against ISO_42001,coder_1
C8.4.1,ISO_42001,PM,PM match for C8.4.1 against ISO_42001,coder_1
C8.4.2,ISO_42001,PM,PM match for C8.4.2 against ISO_42001,coder_1
C8.4.3,ISO_42001,NM,NM match for C8.4.3 against ISO_42001,coder_1
C8.4.4,ISO_42001,NM,NM match for C8.4.4 against ISO_42001,coder_1
C8.4.5,ISO_42001,PM,PM match for C8.4.5 against ISO_42001,coder_1
C8.5.1,ISO_42001,PM,PM match for C8.5.1 against ISO_42001,coder_1
C8.5.2,ISO_42001,PM,PM match for C8.5.2 against ISO_42001,coder_1
C8.5.3,ISO_42001,NM,NM match for C8.5.3 against ISO_42001,coder_1
C8.5.4,ISO_42001,EM,EM match for C8.5.4 against ISO_42001,coder_1
C8.5.5,ISO_42001,PM,PM match for C8.5.5 against ISO_42001,coder_1
C8.6.1,ISO_42001,EM,EM match for C8.6.1 against ISO_42001,coder_1
C8.6.2,ISO_42001,PM,PM match for C8.6.2 against ISO_42001,coder_1
C8.6.3,ISO_42001,PM,PM match for C8.6.3 against ISO_42001,coder_1
C8.6.4,ISO_42001,NM,NM match for C8.6.4 against ISO_42001,coder_1
C8.6.5,ISO_42001,PM,PM match for C8.6.5 against ISO_42001,coder_1
C8.7.1,ISO_42001,EM,EM match for C8.7.1 against ISO_42001,coder_1
C8.7.2,ISO_42001,PM,PM match for C8.7.2 against ISO_42001,coder_1
C8.7.3,ISO_42001,PM,PM match for C8.7.3 against ISO_42001,coder_1
C8.7.4,ISO_42001,NM,NM match for C8.7.4 against ISO_42001,coder_1
C8.7.5,ISO_42001,EM,EM match for C8.7.5 against ISO_42001,coder_1
C8.8.1,ISO_42001,NM,NM match for C8.8.1 against ISO_42001,coder_1
C8.8.2,ISO_42001,NM,NM match for C8.8.2 against ISO_42001,coder_1
C8.8.3,ISO_42001,EM,EM match for C8.8.3 against ISO_42001,coder_1
C8.8.4,ISO_42001,NM,NM match for C8.8.4 against ISO_42001,coder_1
C8.8.5,ISO_42001,NM,NM match for C8.8.5 against ISO_42001,coder_1
C8.9.1,ISO_42001,NM,NM match for C8.9.1 against ISO_42001,coder_1
C8.9.2,ISO_42001,EM,EM match for C8.9.2 against ISO_42001,coder_1
C1.1.1,IMDRF_GMLP,NM,NM match for C1.1.1 against IMDRF_GMLP,coder_1
C1.1.2,IMDRF_GMLP,EM,EM match for C1.1.2 against IMDRF_GMLP,coder_1
C1.1.3,IMDRF_GMLP,PM,PM match for C1.1.3 against IMDRF_GMLP,coder_1
C1.1.4,IMDRF_GMLP,PM,PM match for C1.1.4 against IMDRF_GMLP,coder_1
C1.1.5,IMDRF_GMLP,NM,NM match for C1.1.5 against IMDRF_GMLP,coder_1
C1.2.1,IMDRF_GMLP,NM,NM match for C1.2.1 against IMDRF_GMLP,coder_1
C1.2.2,IMDRF_GMLP,PM,PM match for C1.2.2 against IMDRF_GMLP,coder_1
C1.2.3,IMDRF_GMLP,NM,NM match for C1.2.3 against IMDRF_GMLP,coder_1
C1.2.4,IMDRF_GMLP,PM,PM match for C1.2.4 against IMDRF_GMLP,coder_1
C1.2.5,IMDRF_GMLP,EM,EM match for C1.2.5 against IMDRF_GMLP,coder_1
C1.3.1,IMDRF_GMLP,PM,PM match for C1.3.1 against IMDRF_GMLP,coder_1
C1.3.2,IMDRF_GMLP,NM,NM match for C1.3.2 against IMDRF_GMLP,coder_1
C1.3.3,IMDRF_GMLP,NM,NM match for C1.3.3 against IMDRF_GMLP,coder_1
C1.3.4,IMDRF_GMLP,PM,PM match for C1.3.4 against IMDRF_GMLP,coder_1
C1.3.5,IMDRF_GMLP,PM,PM match for C1.3.5 against IMDRF_GMLP,coder_1
C1.4.1,IMDRF_GMLP,PM,PM match for C1.4.1 against IMDRF_GMLP,coder_1
C1.4.2,IMDRF_GMLP,EM,EM match for C1.4.2 against IMDRF_GMLP,coder_1
C1.4.3,IMDRF_GMLP,PM,PM match for C1.4.3 against IMDRF_GMLP,coder_1
C1.4.4,IMDRF_GMLP,EM,EM match for C1.4.4 against IMDRF_GMLP,coder_1
C1.4.5,IMDRF_GMLP,PM,PM match for C1.4.5 against IMDRF_GMLP,coder_1
C1.5.1,IMDRF_GMLP,PM,PM match for C1.5.1 against IMDRF_GMLP,coder_1
C1.5.2,IMDRF_GMLP,PM,PM match for C1.5.2 against IMDRF_GMLP,coder_1
C1.5.3,IMDRF_GMLP,EM,EM match for C1.5.3 against IMDRF_GMLP,coder_1
C1.5.4,IMDRF_GMLP,EM,EM match for C1.5.4 against IMDRF_GMLP,coder_1
C1.5.5,IMDRF_GMLP,PM,PM match for C1.5.5 against IMDRF_GMLP,coder_1
C1.6.1,IMDRF_GMLP,EM,EM match for C1.6.1 against IMDRF_GMLP,coder_1
C1.6.2,IMDRF_GMLP,EM,EM match for C1.6.2 against IMDRF_GMLP,coder_1
C1.6.3,IMDRF_GMLP,NM,NM match for C1.6.3 against IMDRF_GMLP,coder_1
C1.6.4,IMDRF_GMLP,NM,NM match for C1.6.4 against IMDRF_GMLP,coder_1
C1.6.5,IMDRF_GMLP,EM,EM match for C1.6.5 against IMDRF_GMLP,coder_1
C2.1.1,IMDRF_GMLP,NM,NM match for C2.1.1 against IMDRF_GMLP,coder_1
C2.1.2,IMDRF_GMLP,EM,EM match for C2.1.2 against IMDRF_GMLP,coder_1
C2.1.3,IMDRF_GMLP,PM,PM match for C2.1.3 against IMDRF_GMLP,coder_1
C2.1.4,IMDRF_GMLP,EM,EM match for C2.1.4 against IMDRF_GMLP,coder_1
C2.1.5,IMDRF_GMLP,NM,NM match for C2.1.5 against IMDRF_GMLP,coder_1
C2.2.1,IMDRF_GMLP,PM,PM match for C2.2.1 against IMDRF_GMLP,coder_1
C2.2.2,IMDRF_GMLP,EM,EM match for C2.2.2 against IMDRF_GMLP,coder_1
C2.2.3,IMDRF_GMLP,NM,NM match for C2.2.3 against IMDRF_GMLP,coder_1
C2.2.4,IMDRF_GMLP,PM,PM match for C2.2.4 against IMDRF_GMLP,coder_1
C2.2.5,IMDRF_GMLP,PM,PM match for C2.2.5 against IMDRF_GMLP,coder_1
C2.3.1,IMDRF_GMLP,EM,EM match for C2.3.1 against IMDRF_GMLP,coder_1
C2.3.2,IMDRF_GMLP,PM,PM match for C2.3.2 against IMDRF_GMLP,coder_1
C2.3.3,IMDRF_GMLP,PM,PM match for C2.3.3 against IMDRF_GMLP,coder_1
C2.3.4,IMDRF_GMLP,NM,NM match for C2.3.4 against IMDRF_GMLP,coder_1
C2.3.5,IMDRF_GMLP,EM,EM match for C2.3.5 against IMDRF_GMLP,coder_1
C2.4.1,IMDRF_GMLP,PM,PM match for C2.4.1 against IMDRF_GMLP,coder_1
C2.4.2,IMDRF_GMLP,NM,NM match for C2.4.2 against IMDRF_GMLP,coder_1
C2.4.3,IMDRF_GMLP,PM,PM match for C2.4.3 against IMDRF_GMLP,coder_1
C2.4.4,IMDRF_GMLP,EM,EM match for C2.4.4 against IMDRF_GMLP,coder_1
C2.4.5,IMDRF_GMLP,EM,EM match for C2.4.5 against IMDRF_GMLP,coder_1
C2.5.1,IMDRF_GMLP,NM,NM match for C2.5.1 against IMDRF_GMLP,coder_1
C2.5.2,IMDRF_GMLP,PM,PM match for C2.5.2 against IMDRF_GMLP,coder_1
C2.5.3,IMDRF_GMLP,NM,NM match for C2.5.3 against IMDRF_GMLP,coder_1
C2.5.4,IMDRF_GMLP,NM,NM match for C2.5.4 against IMDRF_GMLP,coder_1
C2.5.5,IMDRF_GMLP,PM,PM match for C2.5.5 against IMDRF_GMLP,coder_1
C2.6.1,IMDRF_GMLP,PM,PM match for C2.6.1 against IMDRF_GMLP,coder_1
C2.6.2,IMDRF_GMLP,NM,NM match for C2.6.2 against IMDRF_GMLP,coder_1
C2.6.3,IMDRF_GMLP,EM,EM match for C2.6.3 against IMDRF_GMLP,coder_1
C2.6.4,IMDRF_GMLP,PM,PM match for C2.6.4 against IMDRF_GMLP,coder_1
C2.6.5,IMDRF_GMLP,PM,PM match for C2.6.5 against IMDRF_GMLP,coder_1
C2.7.1,IMDRF_GMLP,EM,EM match for C2.7.1 against IMDRF_GMLP,coder_1
C2.7.2,IMDRF_GMLP,NM,NM match for C2.7.2 against IMDRF_GMLP,coder_1
C2.7.3,IMDRF_GMLP,PM,PM match for C2.7.3 against IMDRF_GMLP,coder_1
C2.7.4,IMDRF_GMLP,EM,EM match for C2.7.4 against IMDRF_GMLP,coder_1
C3.1.1,IMDRF_GMLP,PM,PM match for C3.1.1 against IMDRF_GMLP,coder_1
C3.1.2,IMDRF_GMLP,EM,EM match for C3.1.2 against IMDRF_GMLP,coder_1
C3.1.3,IMDRF_GMLP,PM,PM match for C3.1.3 against IMDRF_GMLP,coder_1
C3.1.4,IMDRF_GMLP,NM,NM match for C3.1.4 against IMDRF_GMLP,coder_1
C3.1.5,IMDRF_GMLP,EM,EM match for C3.1.5 against IMDRF_GMLP,coder_1
C3.2.1,IMDRF_GMLP,PM,PM match for C3.2.1 against IMDRF_GMLP,coder_1
C3.2.2,IMDRF_GMLP,PM,PM match for C3.2.2 against IMDRF_GMLP,coder_1
C3.2.3,IMDRF_GMLP,PM,PM match for C3.2.3 against IMDRF_GMLP,coder_1
C3.2.4,IMDRF_GMLP,PM,PM match for C3.2.4 against IMDRF_GMLP,coder_1
C3.2.5,IMDRF_GMLP,PM,PM match for C3.2.5 against IMDRF_GMLP,coder_1
C3.3.1,IMDRF_GMLP,NM,NM match for C3.3.1 against IMDRF_GMLP,coder_1
C3.3.2,IMDRF_GMLP,PM,PM match for C3.3.2 against IMDRF_GMLP,coder_1
C3.3.3,IMDRF_GMLP,EM,EM match for C3.3.3 against IMDRF_GMLP,coder_1
C3.3.4,IMDRF_GMLP,EM,EM match for C3.3.4 against IMDRF_GMLP,coder_1
C3.3.5,IMDRF_GMLP,EM,EM match for C3.3.5 against IMDRF_GMLP,coder_1
C3.4.1,IMDRF_GMLP,EM,EM match for C3.4.1 against IMDRF_GMLP,coder_1
C3.4.2,IMDRF_GMLP,NM,NM match for C3.4.2 against IMDRF_GMLP,coder_1
C3.4.3,IMDRF_GMLP,PM,PM match for C3.4.3 against IMDRF_GMLP,coder_1
C3.4.4,IMDRF_GMLP,EM,EM match for C3.4.4 against IMDRF_GMLP,coder_1
C3.4.5,IMDRF_GMLP,NM,NM match for C3.4.5 against IMDRF_GMLP,coder_1
C3.5.1,IMDRF_GMLP,NM,NM match for C3.5.1 against IMDRF_GMLP,coder_1
C3.5.2,IMDRF_GMLP,PM,PM match for C3.5.2 against IMDRF_GMLP,coder_1
C3.5.3,IMDRF_GMLP,NM,NM match for C3.5.3 against IMDRF_GMLP,coder_1
C3.5.4,IMDRF_GMLP,PM,PM match for C3.5.4 against IMDRF_GMLP,coder_1
C3.5.5,IMDRF_GMLP,PM,PM match for C3.5.5 against IMDRF_GMLP,coder_1
C3.6.1,IMDRF_GMLP,PM,PM match for C3.6.1 against IMDRF_GMLP,coder_1
C3.6.2,IMDRF_GMLP,NM,NM match for C3.6.2 against IMDRF_GMLP,coder_1
C3.6.3,IMDRF_GMLP,NM,NM match for C3.6.3 against IMDRF_GMLP,coder_1
C3.6.4,IMDRF_GMLP,EM,EM match for C3.6.4 against IMDRF_GMLP,coder_1
C3.6.5,IMDRF_GMLP,NM,NM match for C3.6.5 against IMDRF_GMLP,coder_1
C3.7.1,IMDRF_GMLP,EM,EM match for C3.7.1 against IMDRF_GMLP,coder_1
C3.7.2,IMDRF_GMLP,PM,PM match for C3.7.2 against IMDRF_GMLP,coder_1
C3.7.3,IMDRF_GMLP,NM,NM match for C3.7.3 against IMDRF_GMLP,coder_1
C3.7.4,IMDRF_GMLP,EM,EM match for C3.7.4 against IMDRF_GMLP,coder_1
C3.7.5,IMDRF_GMLP,PM,PM match for C3.7.5 against IMDRF_GMLP,coder_1
C4.1.1,IMDRF_GMLP,NM,NM match for C4.1.1 against IMDRF_GMLP,coder_1
C4.1.2,IMDRF_GMLP,EM,EM match for C4.1.2 against IMDRF_GMLP,coder_1
C4.1.3,IMDRF_GMLP,NM,NM match for C4.1.3 against IMDRF_GMLP,coder_1
C4.1.4,IMDRF_GMLP,EM,EM match for C4.1.4 against IMDRF_GMLP,coder_1
C4.1.5,IMDRF_GMLP,PM,PM match for C4.1.5 against IMDRF_GMLP,coder_1
C4.2.1,IMDRF_GMLP,EM,EM match for C4.2.1 against IMDRF_GMLP,coder_1
C4.2.2,IMDRF_GMLP,EM,EM match for C4.2.2 against IMDRF_GMLP,coder_1
C4.2.3,IMDRF_GMLP,EM,EM match for C4.2.3 against IMDRF_GMLP,coder_1
C4.2.4,IMDRF_GMLP,NM,NM match for C4.2.4 against IMDRF_GMLP,coder_1
C4.2.5,IMDRF_GMLP,EM,EM match for C4.2.5 against IMDRF_GMLP,coder_1
C4.3.1,IMDRF_GMLP,NM,NM match for C4.3.1 against IMDRF_GMLP,coder_1
C4.3.2,IMDRF_GMLP,PM,PM match for C4.3.2 against IMDRF_GMLP,coder_1
C4.3.3,IMDRF_GMLP,EM,EM match for C4.3.3 against IMDRF_GMLP,coder_1
C4.3.4,IMDRF_GMLP,PM,PM match for C4.3.4 against IMDRF_GMLP,coder_1
C4.3.5,IMDRF_GMLP,PM,PM match for C4.3.5 against IMDRF_GMLP,coder_1
C4.4.1,IMDRF_GMLP,PM,PM match for C4.4.1 against IMDRF_GMLP,coder_1
C4.4.2,IMDRF_GMLP,NM,NM match for C4.4.2 against IMDRF_GMLP,coder_1
C4.4.3,IMDRF_GMLP,PM,PM match for C4.4.3 against IMDRF_GMLP,coder_1
C4.4.4,IMDRF_GMLP,PM,PM match for C4.4.4 against IMDRF_GMLP,coder_1
C4.4.5,IMDRF_GMLP,NM,NM match for C4.4.5 against IMDRF_GMLP,coder_1
C4.5.1,IMDRF_GMLP,NM,NM match for C4.5.1 against IMDRF_GMLP,coder_1
C4.5.2,IMDRF_GMLP,NM,NM match for C4.5.2 against IMDRF_GMLP,coder_1
C4.5.3,IMDRF_GMLP,PM,PM match for C4.5.3 against IMDRF_GMLP,coder_1
C4.5.4,IMDRF_GMLP,PM,PM match for C4.5.4 against IMDRF_GMLP,coder_1
C4.5.5,IMDRF_GMLP,PM,PM match for C4.5.5 against IMDRF_GMLP,coder_1
C4.6.1,IMDRF_GMLP,NM,NM match for C4.6.1 against IMDRF_GMLP,coder_1
C4.6.2,IMDRF_GMLP,NM,NM match for C4.6.2 against IMDRF_GMLP,coder_1
C4.6.3,IMDRF_GMLP,EM,EM match for C4.6.3 against IMDRF_GMLP,coder_1
C4.6.4,IMDRF_GMLP,PM,PM match for C4.6.4 against IMDRF_GMLP,coder_1
C4.6.5,IMDRF_GMLP,PM,PM match for C4.6.5 against IMDRF_GMLP,coder_1
C4.7.1,IMDRF_GMLP,EM,EM match for C4.7.1 against IMDRF_GMLP,coder_1
C4.7.2,IMDRF_GMLP,PM,PM match for C4.7.2 against IMDRF_GMLP,coder_1
C4.7.3,IMDRF_GMLP,PM,PM match for C4.7.3 against IMDRF_GMLP,coder_1
C4.7.4,IMDRF_GMLP,EM,EM match for C4.7.4 against IMDRF_GMLP,coder_1
C4.7.5,IMDRF_GMLP,NM,NM match for C4.7.5 against IMDRF_GMLP,coder_1
C4.8.1,IMDRF_GMLP,PM,PM match for C4.8.1 against IMDRF_GMLP,coder_1
C4.8.2,IMDRF_GMLP,EM,EM match for C4.8.2 against IMDRF_GMLP,coder_1
C4.8.3,IMDRF_GMLP,PM,PM match for C4.8.3 against IMDRF_GMLP,coder_1
C5.1.1,IMDRF_GMLP,PM,PM match for C5.1.1 against IMDRF_GMLP,coder_1
C5.1.2,IMDRF_GMLP,EM,EM match for C5.1.2 against IMDRF_GMLP,coder_1
C5.1.3,IMDRF_GMLP,NM,NM match for C5.1.3 against IMDRF_GMLP,coder_1
C5.1.4,IMDRF_GMLP,PM,PM match for C5.1.4 against IMDRF_GMLP,coder_1
C5.1.5,IMDRF_GMLP,NM,NM match for C5.1.5 against IMDRF_GMLP,coder_1
C5.2.1,IMDRF_GMLP,PM,PM match for C5.2.1 against IMDRF_GMLP,coder_1
C5.2.2,IMDRF_GMLP,PM,PM match for C5.2.2 against IMDRF_GMLP,coder_1
C5.2.3,IMDRF_GMLP,PM,PM match for C5.2.3 against IMDRF_GMLP,coder_1
C5.2.4,IMDRF_GMLP,PM,PM match for C5.2.4 against IMDRF_GMLP,coder_1
C5.2.5,IMDRF_GMLP,PM,PM match for C5.2.5 against IMDRF_GMLP,coder_1
C5.3.1,IMDRF_GMLP,NM,NM match for C5.3.1 against IMDRF_GMLP,coder_1
C5.3.2,IMDRF_GMLP,EM,EM match for C5.3.2 against IMDRF_GMLP,coder_1
C5.3.3,IMDRF_GMLP,PM,PM match for C5.3.3 against IMDRF_GMLP,coder_1
C5.3.4,IMDRF_GMLP,NM,NM match for C5.3.4 against IMDRF_GMLP,coder_1
C5.3.5,IMDRF_GMLP,PM,PM match for C5.3.5 against IMDRF_GMLP,coder_1
C5.4.1,IMDRF_GMLP,NM,NM match for C5.4.1 against IMDRF_GMLP,coder_1
C5.4.2,IMDRF_GMLP,EM,EM match for C5.4.2 against IMDRF_GMLP,coder_1
C5.4.3,IMDRF_GMLP,PM,PM match for C5.4.3 against IMDRF_GMLP,coder_1
C5.4.4,IMDRF_GMLP,PM,PM match for C5.4.4 against IMDRF_GMLP,coder_1
C5.4.5,IMDRF_GMLP,PM,PM match for C5.4.5 against IMDRF_GMLP,coder_1
C5.5.1,IMDRF_GMLP,PM,PM match for C5.5.1 against IMDRF_GMLP,coder_1
C5.5.2,IMDRF_GMLP,EM,EM match for C5.5.2 against IMDRF_GMLP,coder_1
C5.5.3,IMDRF_GMLP,EM,EM match for C5.5.3 against IMDRF_GMLP,coder_1
C5.5.4,IMDRF_GMLP,PM,PM match for C5.5.4 against IMDRF_GMLP,coder_1
C5.5.5,IMDRF_GMLP,EM,EM match for C5.5.5 against IMDRF_GMLP,coder_1
C5.6.1,IMDRF_GMLP,PM,PM match for C5.6.1 against IMDRF_GMLP,coder_1
C5.6.2,IMDRF_GMLP,PM,PM match for C5.6.2 against IMDRF_GMLP,coder_1
C5.6.3,IMDRF_GMLP,PM,PM match for C5.6.3 against IMDRF_GMLP,coder_1
C5.6.4,IMDRF_GMLP,PM,PM match for C5.6.4 against IMDRF_GMLP,coder_1
C5.6.5,IMDRF_GMLP,EM,EM match for C5.6.5 against IMDRF_GMLP,coder_1
C6.1.1,IMDRF_GMLP,NM,NM match for C6.1.1 against IMDRF_GMLP,coder_1
C6.1.2,IMDRF_GMLP,PM,PM match for C6.1.2 against IMDRF_GMLP,coder_1
C6.1.3,IMDRF_GMLP,PM,PM match for C6.1.3 against IMDRF_GMLP,coder_1
C6.1.4,IMDRF_GMLP,PM,PM match for C6.1.4 against IMDRF_GMLP,coder_1
C6.1.5,IMDRF_GMLP,PM,PM match for C6.1.5 against IMDRF_GMLP,coder_1
C6.2.1,IMDRF_GMLP,NM,NM match for C6.2.1 against IMDRF_GMLP,coder_1
C6.2.2,IMDRF_GMLP,NM,NM match for C6.2.2 against IMDRF_GMLP,coder_1
C6.2.3,IMDRF_GMLP,EM,EM match for C6.2.3 against IMDRF_GMLP,coder_1
C6.2.4,IMDRF_GMLP,NM,NM match for C6.2.4 against IMDRF_GMLP,coder_1
C6.2.5,IMDRF_GMLP,PM,PM match for C6.2.5 against IMDRF_GMLP,coder_1
C6.3.1,IMDRF_GMLP,NM,NM match for C6.3.1 against IMDRF_GMLP,coder_1
C6.3.2,IMDRF_GMLP,PM,PM match for C6.3.2 against IMDRF_GMLP,coder_1
C6.3.3,IMDRF_GMLP,EM,EM match for C6.3.3 against IMDRF_GMLP,coder_1
C6.3.4,IMDRF_GMLP,PM,PM match for C6.3.4 against IMDRF_GMLP,coder_1
C6.3.5,IMDRF_GMLP,NM,NM match for C6.3.5 against IMDRF_GMLP,coder_1
C6.4.1,IMDRF_GMLP,NM,NM match for C6.4.1 against IMDRF_GMLP,coder_1
C6.4.2,IMDRF_GMLP,NM,NM match for C6.4.2 against IMDRF_GMLP,coder_1
C6.4.3,IMDRF_GMLP,EM,EM match for C6.4.3 against IMDRF_GMLP,coder_1
C6.4.4,IMDRF_GMLP,NM,NM match for C6.4.4 against IMDRF_GMLP,coder_1
C6.4.5,IMDRF_GMLP,PM,PM match for C6.4.5 against IMDRF_GMLP,coder_1
C6.5.1,IMDRF_GMLP,PM,PM match for C6.5.1 against IMDRF_GMLP,coder_1
C6.5.2,IMDRF_GMLP,EM,EM match for C6.5.2 against IMDRF_GMLP,coder_1
C6.5.3,IMDRF_GMLP,PM,PM match for C6.5.3 against IMDRF_GMLP,coder_1
C6.5.4,IMDRF_GMLP,PM,PM match for C6.5.4 against IMDRF_GMLP,coder_1
C6.5.5,IMDRF_GMLP,EM,EM match for C6.5.5 against IMDRF_GMLP,coder_1
C6.6.1,IMDRF_GMLP,PM,PM match for C6.6.1 against IMDRF_GMLP,coder_1
C6.6.2,IMDRF_GMLP,EM,EM match for C6.6.2 against IMDRF_GMLP,coder_1
C6.6.3,IMDRF_GMLP,PM,PM match for C6.6.3 against IMDRF_GMLP,coder_1
C6.6.4,IMDRF_GMLP,PM,PM match for C6.6.4 against IMDRF_GMLP,coder_1
C6.6.5,IMDRF_GMLP,NM,NM match for C6.6.5 against IMDRF_GMLP,coder_1
C6.7.1,IMDRF_GMLP,PM,PM match for C6.7.1 against IMDRF_GMLP,coder_1
C6.7.2,IMDRF_GMLP,PM,PM match for C6.7.2 against IMDRF_GMLP,coder_1
C6.7.3,IMDRF_GMLP,EM,EM match for C6.7.3 against IMDRF_GMLP,coder_1
C6.7.4,IMDRF_GMLP,EM,EM match for C6.7.4 against IMDRF_GMLP,coder_1
C6.7.5,IMDRF_GMLP,PM,PM match for C6.7.5 against IMDRF_GMLP,coder_1
C7.1.1,IMDRF_GMLP,EM,EM match for C7.1.1 against IMDRF_GMLP,coder_1
C7.1.2,IMDRF_GMLP,EM,EM match for C7.1.2 against IMDRF_GMLP,coder_1
C7.1.3,IMDRF_GMLP,PM,PM match for C7.1.3 against IMDRF_GMLP,coder_1
C7.1.4,IMDRF_GMLP,NM,NM match for C7.1.4 against IMDRF_GMLP,coder_1
C7.1.5,IMDRF_GMLP,PM,PM match for C7.1.5 against IMDRF_GMLP,coder_1
C7.2.1,IMDRF_GMLP,PM,PM match for C7.2.1 against IMDRF_GMLP,coder_1
C7.2.2,IMDRF_GMLP,PM,PM match for C7.2.2 against IMDRF_GMLP,coder_1
C7.2.3,IMDRF_GMLP,NM,NM match for C7.2.3 against IMDRF_GMLP,coder_1
C7.2.4,IMDRF_GMLP,PM,PM match for C7.2.4 against IMDRF_GMLP,coder_1
C7.2.5,IMDRF_GMLP,EM,EM match for C7.2.5 against IMDRF_GMLP,coder_1
C7.3.1,IMDRF_GMLP,NM,NM match for C7.3.1 against IMDRF_GMLP,coder_1
C7.3.2,IMDRF_GMLP,NM,NM match for C7.3.2 against IMDRF_GMLP,coder_1
C7.3.3,IMDRF_GMLP,PM,PM match for C7.3.3 against IMDRF_GMLP,coder_1
C7.3.4,IMDRF_GMLP,PM,PM match for C7.3.4 against IMDRF_GMLP,coder_1
C7.3.5,IMDRF_GMLP,EM,EM match for C7.3.5 against IMDRF_GMLP,coder_1
C7.4.1,IMDRF_GMLP,EM,EM match for C7.4.1 against IMDRF_GMLP,coder_1
C7.4.2,IMDRF_GMLP,PM,PM match for C7.4.2 against IMDRF_GMLP,coder_1
C7.4.3,IMDRF_GMLP,PM,PM match for C7.4.3 against IMDRF_GMLP,coder_1
C7.4.4,IMDRF_GMLP,PM,PM match for C7.4.4 against IMDRF_GMLP,coder_1
C7.4.5,IMDRF_GMLP,EM,EM match for C7.4.5 against IMDRF_GMLP,coder_1
C7.5.1,IMDRF_GMLP,EM,EM match for C7.5.1 against IMDRF_GMLP,coder_1
C7.5.2,IMDRF_GMLP,NM,NM match for C7.5.2 against IMDRF_GMLP,coder_1
C7.5.3,IMDRF_GMLP,PM,PM match for C7.5.3 against IMDRF_GMLP,coder_1
C7.5.4,IMDRF_GMLP,NM,NM match for C7.5.4 against IMDRF_GMLP,coder_1
C7.5.5,IMDRF_GMLP,NM,NM match for C7.5.5 against IMDRF_GMLP,coder_1
C7.6.1,IMDRF_GMLP,PM,PM match for C7.6.1 against IMDRF_GMLP,coder_1
C7.6.2,IMDRF_GMLP,PM,PM match for C7.6.2 against IMDRF_GMLP,coder_1
C7.6.3,IMDRF_GMLP,NM,NM match for C7.6.3 against IMDRF_GMLP,coder_1
C7.6.4,IMDRF_GMLP,PM,PM match for C7.6.4 against IMDRF_GMLP,coder_1
C7.6.5,IMDRF_GMLP,EM,EM match for C7.6.5 against IMDRF_GMLP,coder_1
C7.7.1,IMDRF_GMLP,NM,NM match for C7.7.1 against IMDRF_GMLP,coder_1
C7.7.2,IMDRF_GMLP,PM,PM match for C7.7.2 against IMDRF_GMLP,coder_1
C7.7.3,IMDRF_GMLP,PM,PM match for C7.7.3 against IMDRF_GMLP,coder_1
C7.7.4,IMDRF_GMLP,PM,PM match for C7.7.4 against IMDRF_GMLP,coder_1
C7.7.5,IMDRF_GMLP,NM,NM match for C7.7.5 against IMDRF_GMLP,coder_1
C8.1.1,IMDRF_GMLP,EM,EM match for C8.1.1 against IMDRF_GMLP,coder_1
C8.1.2,IMDRF_GMLP,NM,NM match for C8.1.2 against IMDRF_GMLP,coder_1
C8.1.3,IMDRF_GMLP,NM,NM match for C8.1.3 against IMDRF_GMLP,coder_1
C8.1.4,IMDRF_GMLP,NM,NM match for C8.1.4 against IMDRF_GMLP,coder_1
C8.1.5,IMDRF_GMLP,PM,PM match for C8.1.5 against IMDRF_GMLP,coder_1
C8.2.1,IMDRF_GMLP,PM,PM match for C8.2.1 against IMDRF_GMLP,coder_1
C8.2.2,IMDRF_GMLP,NM,NM match for C8.2.2 against IMDRF_GMLP,coder_1
C8.2.3,IMDRF_GMLP,PM,PM match for C8.2.3 against IMDRF_GMLP,coder_1
C8.2.4,IMDRF_GMLP,NM,NM match for C8.2.4 against IMDRF_GMLP,coder_1
C8.2.5,IMDRF_GMLP,EM,EM match for C8.2.5 against IMDRF_GMLP,coder_1
C8.3.1,IMDRF_GMLP,EM,EM match for C8.3.1 against IMDRF_GMLP,coder_1
C8.3.2,IMDRF_GMLP,EM,EM match for C8.3.2 against IMDRF_GMLP,coder_1
C8.3.3,IMDRF_GMLP,EM,EM match for C8.3.3 against IMDRF_GMLP,coder_1
C8.3.4,IMDRF_GMLP,EM,EM match for C8.3.4 against IMDRF_GMLP,coder_1
C8.3.5,IMDRF_GMLP,PM,PM match for C8.3.5 against IMDRF_GMLP,coder_1
C8.4.1,IMDRF_GMLP,EM,EM match for C8.4.1 against IMDRF_GMLP,coder_1
C8.4.2,IMDRF_GMLP,EM,EM match for C8.4.2 against IMDRF_GMLP,coder_1
C8.4.3,IMDRF_GMLP,PM,PM match for C8.4.3 against IMDRF_GMLP,coder_1
C8.4.4,IMDRF_GMLP,PM,PM match for C8.4.4 against IMDRF_GMLP,coder_1
C8.4.5,IMDRF_GMLP,NM,NM match for C8.4.5 against IMDRF_GMLP,coder_1
C8.5.1,IMDRF_GMLP,EM,EM match for C8.5.1 against IMDRF_GMLP,coder_1
C8.5.2,IMDRF_GMLP,PM,PM match for C8.5.2 against IMDRF_GMLP,coder_1
C8.5.3,IMDRF_GMLP,EM,EM match for C8.5.3 against IMDRF_GMLP,coder_1
C8.5.4,IMDRF_GMLP,NM,NM match for C8.5.4 against IMDRF_GMLP,coder_1
C8.5.5,IMDRF_GMLP,PM,PM match for C8.5.5 against IMDRF_GMLP,coder_1
C8.6.1,IMDRF_GMLP,PM,PM match for C8.6.1 against IMDRF_GMLP,coder_1
C8.6.2,IMDRF_GMLP,PM,PM match for C8.6.2 against IMDRF_GMLP,coder_1
C8.6.3,IMDRF_GMLP,EM,EM match for C8.6.3 against IMDRF_GMLP,coder_1
C8.6.4,IMDRF_GMLP,PM,PM match for C8.6.4 against IMDRF_GMLP,coder_1
C8.6.5,IMDRF_GMLP,PM,PM match for C8.6.5 against IMDRF_GMLP,coder_1
C8.7.1,IMDRF_GMLP,NM,NM match for C8.7.1 against IMDRF_GMLP,coder_1
C8.7.2,IMDRF_GMLP,NM,NM match for C8.7.2 against IMDRF_GMLP,coder_1
C8.7.3,IMDRF_GMLP,NM,NM match for C8.7.3 against IMDRF_GMLP,coder_1
C8.7.4,IMDRF_GMLP,NM,NM match for C8.7.4 against IMDRF_GMLP,coder_1
C8.7.5,IMDRF_GMLP,PM,PM match for C8.7.5 against IMDRF_GMLP,coder_1
C8.8.1,IMDRF_GMLP,EM,EM match for C8.8.1 against IMDRF_GMLP,coder_1
C8.8.2,IMDRF_GMLP,EM,EM match for C8.8.2 against IMDRF_GMLP,coder_1
C8.8.3,IMDRF_GMLP,NM,NM match for C8.8.3 against IMDRF_GMLP,coder_1
C8.8.4,IMDRF_GMLP,PM,PM match for C8.8.4 against IMDRF_GMLP,coder_1
C8.8.5,IMDRF_GMLP,NM,NM match for C8.8.5 against IMDRF_GMLP,coder_1
C8.9.1,IMDRF_GMLP,PM,PM match for C8.9.1 against IMDRF_GMLP,coder_1
C8.9.2,IMDRF_GMLP,NM,NM match for C8.9.2 against IMDRF_GMLP,coder_1
